Marca temporal,Lugar de residencia.,Si selecciono PARAGUAY como lugar de residencia. Puede indicar el departamento en el que vive actualmente.,Como calificaría el estado de las calles en su lugar de residencia.,Considera que exista un problema de baches en su lugar de residencia.,Puede hacer una estimación de la cantidad de baches en su lugar de residencia.,Tipo de camino en su lugar de residencia.,Cuanto tiempo cree que demora la reparación de baches en su lugar de residencia.,Conoce algún método para denunciar la existencia de baches en su lugar de residencia.,"Puede acceder a información sobre los baches de su lugar de residencia. (Denuncias, ubicación y tareas de reparación de baches.)",Usted sufrió accidentes a causa de baches en su lugar de residencia.,"Si tiene vehículo. Cuan frecuentemente debe hacer mantenimiento a causa del estado de las calles o baches de su lugar de residencia.",Denunciaría la existencia de baches en su lugar de residencia.,Cree que seria util conocer la ubicación y otros datos de los baches en su lugar de residencia.,Si considera que su lugar de residencia tiene un problema de baches. Como califica la repuesta gubernamental al problema.,Puede estimar la regularidad con la que se reparan las calles en su lugar de residencia actual.
29/10/2022 21:02:13,Venezuela,,Malo,SI,MUCHOS,ASFALTO,MUCHO,NO,NO,SI,REGULARMENTE,SI,SI,LAMENTABLE,NUNCA
30/10/2022 9:28:12,Argentina,,Bueno,SI,POCOS,ASFALTO,MUCHO,SI,NO,NO,FRECUENTEMENTE,SI,SI,LAMENTABLE,REGULARMENTE
30/10/2022 10:05:24,Mexico,,Lamentable,SI,MUCHOS,ASFALTO,MUCHO,SI,SI,SI,REGULARMENTE,SI NO ME LLEVA MUCHO TIEMPO.,SI,LAMENTABLE,REGULARMENTE
30/10/2022 10:12:40,Spain,,Bueno,SI,POCOS,ASFALTO,MUCHO,SI,NO,NO,REGULARMENTE,SI,SI,BUENA,REGULARMENTE
30/10/2022 10:21:56,Singapore,Central,Exelente,NO,,ASFALTO,POCO,SI,SI,NO NUNCA,FRECUENTEMENTE,SI,NO,EXELENTE,REGULARMENTE
30/10/2022 10:28:53,Guatemala,,Lamentable,SI,MUCHOS,MIXTO,MUCHO,SI,NO,SI,REGULARMENTE,SI,SI,LAMENTABLE,NUNCA
30/10/2022 10:56:46,Spain,,Bueno,NO,POCOS,ASFALTO,POCO,NO,NO SE,NO,,SI NO ME LLEVA MUCHO TIEMPO.,NO SE,,REGULARMENTE
30/10/2022 11:17:49,Spain,,,SI,,ASFALTO,MUCHO,NO,NO,NO,REGULARMENTE,SI,SI,LAMENTABLE,NUNCA
30/10/2022 11:30:21,Mexico,,Bueno,SI,MUCHOS,MIXTO,NO SE REPARAN,NO,NO SE,SI,FRECUENTEMENTE,SI NO ME LLEVA MUCHO TIEMPO.,SI,LAMENTABLE,NUNCA
30/10/2022 11:38:57,Colombia,,Bueno,NO,POCOS,ASFALTO,MUCHO,NO,NO,NO,REGULARMENTE,SI,SI,LAMENTABLE,NUNCA
30/10/2022 13:12:48,Mexico,,Malo,SI,MUCHOS,ASFALTO,NO SE REPARAN,NO,NO,SI,REGULARMENTE,SI NO ME LLEVA MUCHO TIEMPO.,SI,LAMENTABLE,NUNCA
30/10/2022 13:19:20,Mexico,,Malo,SI,MUCHOS,ASFALTO,MUCHO,SI,NO,NO,FRECUENTEMENTE,SI,SI,LAMENTABLE,REGULARMENTE
30/10/2022 13:26:40,Paraguay,Central,Lamentable,SI,NO SE,ASFALTO,NO SE REPARAN,NO,NO SE,NO,REGULARMENTE,SI,SI,LAMENTABLE,NUNCA
30/10/2022 13:31:32,Spain,,Exelente,NO,POCOS,ASFALTO,POCO,NO,NO SE,NO NUNCA,,NO,NO,LAMENTABLE,REGULARMENTE
30/10/2022 13:56:27,Colombia,,Lamentable,SI,MUCHOS,ASFALTO,MUCHO,SI,NO,SI,REGULARMENTE,SI NO ME LLEVA MUCHO TIEMPO.,SI,LAMENTABLE,REGULARMENTE
30/10/2022 14:00:20,Venezuela,,Malo,SI,MUCHOS,ASFALTO,NO SE REPARAN,SI,NO,NO,FRECUENTEMENTE,SI,NO SE,LAMENTABLE,NUNCA
30/10/2022 14:12:50,Venezuela,,Lamentable,SI,MUCHOS,ASFALTO,NO SE REPARAN,NO,NO,SI,REGULARMENTE,SI,SI,LAMENTABLE,NUNCA
30/10/2022 14:27:51,Mexico,,Malo,SI,POCOS,ASFALTO,MUCHO,NO,NO,SI,REGULARMENTE,SI,SI,LAMENTABLE,NUNCA
30/10/2022 14:28:41,Venezuela,,Lamentable,SI,MUCHOS,ASFALTO,NO SE REPARAN,NO,NO,SI,REGULARMENTE,SI,SI,LAMENTABLE,NUNCA
30/10/2022 14:35:04,Paraguay,Central,Malo,SI,MUCHOS,ASFALTO,MUCHO,NO,NO,NO NUNCA,REGULARMENTE,SI,SI,LAMENTABLE,REGULARMENTE
30/10/2022 14:45:42,Mexico,,Malo,SI,MUCHOS,ASFALTO,MUCHO,NO,NO SE,SI,REGULARMENTE,SI,SI,LAMENTABLE,NUNCA
30/10/2022 15:11:12,Bolivia,,Malo,SI,MUCHOS,TIERRA,NO SE REPARAN,NO,NO,SI,FRECUENTEMENTE,SI,SI,LAMENTABLE,NUNCA
30/10/2022 16:01:58,Mexico,,Malo,SI,MUCHOS,ASFALTO,MUCHO,SI,NO,SI,REGULARMENTE,SI,SI,LAMENTABLE,REGULARMENTE
30/10/2022 16:15:33,Anguilla,Canindeyú,Lamentable,NO SE,NO SE,MIXTO,NO SE REPARAN,NO,NO SE,NO NUNCA,REGULARMENTE,SI NO ME LLEVA MUCHO TIEMPO.,NO ME INTERESA EL TEMA,LAMENTABLE,REGULARMENTE
30/10/2022 17:14:33,Argentina,,Malo,SI,MUCHOS,ASFALTO,MUCHO,NO,NO,NO,,SI,SI,LAMENTABLE,NUNCA
30/10/2022 19:30:19,Ecuador,,Malo,SI,MUCHOS,ASFALTO,NO SE REPARAN,SI,NO SE,NO,REGULARMENTE,SI,SI,LAMENTABLE,NUNCA
30/10/2022 20:50:14,Mexico,,Lamentable,SI,MUCHOS,MIXTO,MUCHO,SI,NO,SI,REGULARMENTE,SI,SI,LAMENTABLE,NUNCA
30/10/2022 23:58:40,Paraguay,Central,Lamentable,SI,MUCHOS,ASFALTO,NO SE REPARAN,NO,NO SE,SI,FRECUENTEMENTE,SI,SI,LAMENTABLE,NUNCA
31/10/2022 1:41:00,Colombia,,Malo,SI,MUCHOS,ASFALTO,NO SE REPARAN,,NO,NO,FRECUENTEMENTE,SI,SI,LAMENTABLE,NUNCA
31/10/2022 10:19:08,Paraguay,Alto Paraná,Bueno,NO,POCOS,MIXTO,NO SE REPARAN,NO,NO SE,NO,REGULARMENTE,SI NO ME LLEVA MUCHO TIEMPO.,SI,LAMENTABLE,NUNCA
31/10/2022 10:46:03,Mexico,,Malo,SI,MUCHOS,ASFALTO,NO SE REPARAN,NO,NO,NO,REGULARMENTE,SI NO ME LLEVA MUCHO TIEMPO.,SI,LAMENTABLE,NUNCA
31/10/2022 14:56:26,Argentina,,Malo,SI,MUCHOS,TIERRA,NO SE REPARAN,NO,NO,SI,FRECUENTEMENTE,SI,SI,LAMENTABLE,NUNCA
31/10/2022 16:25:36,Paraguay,Itapúa,Malo,SI,POCOS,ASFALTO,MUCHO,NO,NO,NO,REGULARMENTE,SI,SI,LAMENTABLE,NUNCA
31/10/2022 18:49:40,Mexico,,Malo,SI,MUCHOS,MIXTO,POCO,SI,SI,SI,REGULARMENTE,,SI,LAMENTABLE,REGULARMENTE
31/10/2022 20:09:29,Paraguay,Central,Malo,SI,MUCHOS,ASFALTO,MUCHO,NO,NO,NO,REGULARMENTE,SI NO ME LLEVA MUCHO TIEMPO.,NO SE,LAMENTABLE,NUNCA
31/10/2022 20:18:55,Venezuela,,Lamentable,SI,MUCHOS,ASFALTO,MUCHO,SI,NO,NO,REGULARMENTE,SI,SI,LAMENTABLE,
31/10/2022 20:34:25,Argentina,,Exelente,NO,POCOS,ASFALTO,POCO,SI,SI,NO NUNCA,REGULARMENTE,SI NO ME LLEVA MUCHO TIEMPO.,SI,EXELENTE,REGULARMENTE
31/10/2022 20:50:31,Spain,,Bueno,NO,POCOS,ASFALTO,POCO,SI,NO SE,NO NUNCA,,NO,SI,,REGULARMENTE
31/10/2022 21:13:05,Venezuela,,Bueno,SI,MUCHOS,ASFALTO,MUCHO,SI,NO,NO,,SI,SI,BUENA,REGULARMENTE
31/10/2022 21:26:17,Paraguay,Central,Malo,SI,MUCHOS,ASFALTO,NO SE REPARAN,NO,NO SE,SI,FRECUENTEMENTE,SI,SI,LAMENTABLE,NUNCA
31/10/2022 21:35:40,Chile,,Lamentable,SI,MUCHOS,MIXTO,NO SE REPARAN,NO,NO SE,SI,REGULARMENTE,SI,SI,LAMENTABLE,NUNCA
31/10/2022 21:44:20,Spain,,Exelente,NO,POCOS,ASFALTO,POCO,SI,NO SE,NO NUNCA,REGULARMENTE,SI,NO,,REGULARMENTE
31/10/2022 22:14:42,Venezuela,Central,Lamentable,SI,MUCHOS,TIERRA,NO SE REPARAN,NO,NO,SI,FRECUENTEMENTE,SI,SI,LAMENTABLE,NUNCA
31/10/2022 22:15:34,Colombia,,Malo,SI,MUCHOS,ASFALTO,MUCHO,SI,SI,NO,REGULARMENTE,SI,SI,LAMENTABLE,REGULARMENTE
31/10/2022 22:16:29,Ashmore and Cartier Islands,Ñeembucú,Lamentable,NO SE,NO SE,TIERRA,NO SE REPARAN,SI,NO SE,SI FRECUENTEMENTE,FRECUENTEMENTE,NO,NO ME INTERESA EL TEMA,LAMENTABLE,NUNCA
31/10/2022 22:19:49,Argentina,,Malo,SI,MUCHOS,ASFALTO,MUCHO,NO,NO,NO,REGULARMENTE,NO,NO,LAMENTABLE,REGULARMENTE
31/10/2022 22:21:56,Argentina,Misiones,Bueno,NO SE,POCOS,PIEDRA,NO SE REPARAN,NO,NO,SI,REGULARMENTE,SI,SI,LAMENTABLE,REGULARMENTE
31/10/2022 23:28:05,Colombia,,Malo,SI,MUCHOS,ASFALTO,MUCHO,NO,NO,NO NUNCA,,SI,SI,LAMENTABLE,REGULARMENTE
31/10/2022 23:32:25,Paraguay,Distrito Capital,Lamentable,SI,MUCHOS,ASFALTO,NO SE REPARAN,NO,NO,NO,FRECUENTEMENTE,SI,SI,LAMENTABLE,NUNCA
31/10/2022 23:51:02,Paraguay,Central,Lamentable,SI,MUCHOS,MIXTO,MUCHO,SI,NO,NO,,SI,SI,LAMENTABLE,NUNCA
1/11/2022 1:18:19,Mexico,,Lamentable,SI,MUCHOS,MIXTO,MUCHO,SI,NO,SI,REGULARMENTE,SI,SI,LAMENTABLE,REGULARMENTE
1/11/2022 3:05:43,Spain,,Bueno,NO,POCOS,ASFALTO,POCO,NO,NO SE,NO,,NO,SI,BUENA,REGULARMENTE
1/11/2022 6:46:05,Spain,,Bueno,NO SE,POCOS,ASFALTO,POCO,NO,NO SE,NO NUNCA,REGULARMENTE,NO,SI,,REGULARMENTE
1/11/2022 8:24:31,Spain,,,,,,,,,,,,,,
1/11/2022 9:13:39,Paraguay,Alto Paraná,Malo,SI,MUCHOS,ASFALTO,NO SE REPARAN,NO,NO SE,NO,REGULARMENTE,SI NO ME LLEVA MUCHO TIEMPO.,SI,LAMENTABLE,NUNCA
1/11/2022 9:15:03,Paraguay,Central,Lamentable,SI,MUCHOS,TIERRA,NO SE REPARAN,NO,NO,SI,FRECUENTEMENTE,SI,NO ME INTERESA EL TEMA,LAMENTABLE,NUNCA
1/11/2022 9:31:28,Paraguay,Central,Lamentable,SI,MUCHOS,MIXTO,NO SE REPARAN,SI,NO,SI,FRECUENTEMENTE,SI,SI,LAMENTABLE,NUNCA
1/11/2022 9:36:15,Italy,,Bueno,SI,MUCHOS,ASFALTO,NO SE REPARAN,SI,NO SE,SI,FRECUENTEMENTE,SI NO ME LLEVA MUCHO TIEMPO.,NO SE,LAMENTABLE,NUNCA
1/11/2022 9:37:19,Argentina,,Malo,SI,MUCHOS,ASFALTO,MUCHO,SI,SI,NO,FRECUENTEMENTE,SI,SI,LAMENTABLE,REGULARMENTE
1/11/2022 9:40:18,Spain,,Malo,SI,MUCHOS,ASFALTO,MUCHO,SI,NO SE,SI,REGULARMENTE,SI,NO SE,BUENA,REGULARMENTE
1/11/2022 10:16:42,Paraguay,Central,Malo,SI,MUCHOS,ASFALTO,MUCHO,NO,SI,NO,REGULARMENTE,SI NO ME LLEVA MUCHO TIEMPO.,SI,LAMENTABLE,REGULARMENTE
1/11/2022 10:26:46,Paraguay,Central,Lamentable,SI,MUCHOS,ASFALTO,NO SE REPARAN,SI,NO SE,SI,FRECUENTEMENTE,SI NO ME LLEVA MUCHO TIEMPO.,SI,LAMENTABLE,REGULARMENTE
1/11/2022 10:44:52,France,,Exelente,NO,POCOS,ASFALTO,POCO,NO,SI,NO,REGULARMENTE,SI,SI,EXELENTE,REGULARMENTE
1/11/2022 10:56:46,Paraguay,Central,Lamentable,SI,MUCHOS,PIEDRA,NO SE REPARAN,NO,NO,NO,,SI,SI,LAMENTABLE,NUNCA
1/11/2022 10:59:56,Argentina,,Bueno,NO,POCOS,ASFALTO,MUCHO,NO,NO,NO,REGULARMENTE,SI,SI,BUENA,REGULARMENTE
1/11/2022 11:27:59,Argentina,,Malo,SI,NO SE,ASFALTO,MUCHO,SI,NO SE,NO NUNCA,,SI NO ME LLEVA MUCHO TIEMPO.,SI,LAMENTABLE,REGULARMENTE
1/11/2022 11:52:31,Paraguay,Central,Malo,SI,MUCHOS,ASFALTO,MUCHO,SI,NO,NO,FRECUENTEMENTE,SI,SI,LAMENTABLE,REGULARMENTE
1/11/2022 11:56:18,Paraguay,Distrito Capital,Lamentable,SI,MUCHOS,ASFALTO,MUCHO,NO,NO,SI,FRECUENTEMENTE,SI NO ME LLEVA MUCHO TIEMPO.,SI,LAMENTABLE,NUNCA
1/11/2022 12:05:16,Argentina,,Bueno,SI,MUCHOS,ASFALTO,MUCHO,NO,NO,NO NUNCA,REGULARMENTE,SI,SI,BUENA,REGULARMENTE
1/11/2022 13:46:26,Mexico,,Bueno,SI,MUCHOS,ASFALTO,MUCHO,SI,SI,NO,REGULARMENTE,SI NO ME LLEVA MUCHO TIEMPO.,SI,LAMENTABLE,REGULARMENTE
1/11/2022 14:36:49,Paraguay,Central,Lamentable,SI,MUCHOS,ASFALTO,MUCHO,NO,NO,NO NUNCA,FRECUENTEMENTE,SI,SI,LAMENTABLE,NUNCA
1/11/2022 15:12:52,Paraguay,Ñeembucú,Malo,SI,MUCHOS,MIXTO,MUCHO,NO,NO,SI,FRECUENTEMENTE,SI,SI,LAMENTABLE,NUNCA
1/11/2022 15:59:26,Uruguay,,Bueno,NO,POCOS,PIEDRA,MUCHO,SI,SI,NO,,SI NO ME LLEVA MUCHO TIEMPO.,NO ME INTERESA EL TEMA,LAMENTABLE,NUNCA
1/11/2022 16:06:27,Paraguay,Central,Lamentable,SI,MUCHOS,PIEDRA,NO SE REPARAN,NO,NO SE,SI,REGULARMENTE,SI NO ME LLEVA MUCHO TIEMPO.,SI,LAMENTABLE,NUNCA
1/11/2022 17:01:07,Spain,,Malo,SI,POCOS,ASFALTO,MUCHO,SI,NO SE,NO,,SI NO ME LLEVA MUCHO TIEMPO.,SI,LAMENTABLE,REGULARMENTE
1/11/2022 17:11:16,Spain,,Malo,SI,MUCHOS,ASFALTO,NO SE REPARAN,NO,NO SE,NO NUNCA,FRECUENTEMENTE,SI NO ME LLEVA MUCHO TIEMPO.,SI,LAMENTABLE,REGULARMENTE
1/11/2022 17:46:23,Spain,,Lamentable,SI,MUCHOS,ASFALTO,MUCHO,SI,SI,NO,REGULARMENTE,SI NO ME LLEVA MUCHO TIEMPO.,SI,LAMENTABLE,REGULARMENTE
1/11/2022 18:14:26,Mexico,,Malo,SI,POCOS,ASFALTO,POCO,NO,NO,NO,REGULARMENTE,SI NO ME LLEVA MUCHO TIEMPO.,NO SE,LAMENTABLE,REGULARMENTE
1/11/2022 18:56:41,Uruguay,,Bueno,NO,POCOS,ASFALTO,MUCHO,NO,NO SE,NO,REGULARMENTE,NO,NO SE,LAMENTABLE,REGULARMENTE
1/11/2022 19:06:49,Argentina,,Lamentable,SI,MUCHOS,ASFALTO,MUCHO,NO,NO,SI,FRECUENTEMENTE,SI,SI,LAMENTABLE,NUNCA
1/11/2022 20:14:27,Paraguay,Distrito Capital,Malo,SI,MUCHOS,ASFALTO,MUCHO,SI,NO,NO,,SI,SI,LAMENTABLE,REGULARMENTE
1/11/2022 20:44:23,Mexico,,Bueno,SI,POCOS,ASFALTO,MUCHO,SI,NO SE,NO,REGULARMENTE,SI,SI,LAMENTABLE,REGULARMENTE
1/11/2022 20:44:53,Mexico,,Lamentable,SI,MUCHOS,ASFALTO,NO SE REPARAN,NO,NO,SI,FRECUENTEMENTE,SI,SI,LAMENTABLE,NUNCA
1/11/2022 20:48:54,Mexico,,Lamentable,SI,MUCHOS,PIEDRA,NO SE REPARAN,NO,NO,SI FRECUENTEMENTE,FRECUENTEMENTE,SI,SI,EXELENTE,NUNCA
1/11/2022 20:57:41,Paraguay,Central,Bueno,SI,NO SE,ASFALTO,POCO,NO,NO SE,NO,REGULARMENTE,SI,NO SE,LAMENTABLE,REGULARMENTE
1/11/2022 22:03:06,Paraguay,Alto Paraná,Lamentable,SI,MUCHOS,PIEDRA,MUCHO,NO,NO SE,SI,REGULARMENTE,SI,SI,LAMENTABLE,REGULARMENTE
1/11/2022 22:18:23,Paraguay,Central,Lamentable,SI,MUCHOS,MIXTO,NO SE REPARAN,NO,NO,SI,REGULARMENTE,SI,SI,LAMENTABLE,NUNCA
1/11/2022 23:41:34,Argentina,,Lamentable,SI,MUCHOS,TIERRA,NO SE REPARAN,SI,NO,NO,,SI,SI,LAMENTABLE,NUNCA
2/11/2022 0:05:21,Paraguay,Central,Malo,SI,MUCHOS,ASFALTO,MUCHO,NO,NO,NO NUNCA,REGULARMENTE,SI,SI,LAMENTABLE,REGULARMENTE
2/11/2022 1:08:38,Paraguay,Central,Malo,SI,MUCHOS,MIXTO,NO SE REPARAN,NO,NO SE,SI,REGULARMENTE,SI,SI,LAMENTABLE,NUNCA
2/11/2022 1:20:03,Guatemala,,Malo,SI,MUCHOS,ASFALTO,MUCHO,NO,NO,NO,FRECUENTEMENTE,SI,SI,LAMENTABLE,NUNCA
2/11/2022 11:27:38,Mexico,,Lamentable,SI,MUCHOS,ASFALTO,NO SE REPARAN,SI,NO,SI,FRECUENTEMENTE,SI,SI,LAMENTABLE,NUNCA
2/11/2022 13:12:16,Paraguay,Central,Malo,SI,MUCHOS,ASFALTO,MUCHO,SI,SI,NO,REGULARMENTE,NO,NO,LAMENTABLE,REGULARMENTE
2/11/2022 13:18:59,Paraguay,Central,Lamentable,SI,MUCHOS,PIEDRA,NO SE REPARAN,NO,NO SE,SI,REGULARMENTE,SI NO ME LLEVA MUCHO TIEMPO.,SI,LAMENTABLE,NUNCA
2/11/2022 15:03:02,Paraguay,Central,Lamentable,SI,MUCHOS,MIXTO,NO SE REPARAN,NO,NO,SI FRECUENTEMENTE,REGULARMENTE,SI NO ME LLEVA MUCHO TIEMPO.,SI,LAMENTABLE,REGULARMENTE
2/11/2022 15:38:02,Paraguay,Central,Malo,SI,MUCHOS,ASFALTO,NO SE REPARAN,NO,NO,NO,FRECUENTEMENTE,SI NO ME LLEVA MUCHO TIEMPO.,SI,LAMENTABLE,NUNCA
2/11/2022 16:40:48,Paraguay,Central,Malo,SI,POCOS,ASFALTO,NO SE REPARAN,NO,NO SE,NO,FRECUENTEMENTE,SI,SI,LAMENTABLE,NUNCA
2/11/2022 16:49:21,Mexico,,Lamentable,SI,MUCHOS,ASFALTO,MUCHO,SI,SI,SI,REGULARMENTE,SI,SI,LAMENTABLE,REGULARMENTE
2/11/2022 17:50:37,Paraguay,Central,Malo,NO SE,MUCHOS,PIEDRA,NO SE REPARAN,NO,NO,NO NUNCA,FRECUENTEMENTE,SI,SI,LAMENTABLE,NUNCA
2/11/2022 19:16:05,Paraguay,Central,Bueno,SI,POCOS,ASFALTO,NO SE REPARAN,NO,NO SE,NO,REGULARMENTE,SI NO ME LLEVA MUCHO TIEMPO.,SI,LAMENTABLE,NUNCA
2/11/2022 20:14:44,Peru,,Malo,SI,MUCHOS,ASFALTO,POCO,SI,NO SE,NO,REGULARMENTE,SI NO ME LLEVA MUCHO TIEMPO.,NO SE,LAMENTABLE,NUNCA
2/11/2022 20:27:06,Paraguay,Central,Bueno,NO,NO SE,ASFALTO,NO SE REPARAN,NO,NO SE,NO NUNCA,,SI NO ME LLEVA MUCHO TIEMPO.,SI,,REGULARMENTE
2/11/2022 20:32:56,Paraguay,Alto Paraná,Malo,SI,MUCHOS,MIXTO,MUCHO,NO,NO,NO,,SI,SI,LAMENTABLE,NUNCA
2/11/2022 20:47:25,Mexico,,Lamentable,SI,MUCHOS,ASFALTO,NO SE REPARAN,NO,NO,SI,FRECUENTEMENTE,SI,SI,LAMENTABLE,NUNCA
2/11/2022 20:58:58,Paraguay,Central,Bueno,NO,POCOS,PIEDRA,NO SE REPARAN,NO,NO,NO,REGULARMENTE,SI,SI,LAMENTABLE,NUNCA
2/11/2022 21:03:41,Paraguay,Amambay,Lamentable,SI,MUCHOS,PIEDRA,NO SE REPARAN,NO,NO SE,NO,REGULARMENTE,SI NO ME LLEVA MUCHO TIEMPO.,SI,LAMENTABLE,NUNCA
2/11/2022 21:05:47,Peru,,Lamentable,SI,MUCHOS,ASFALTO,MUCHO,NO,NO SE,NO,,SI NO ME LLEVA MUCHO TIEMPO.,SI,,NUNCA
2/11/2022 21:16:57,Chile,,Malo,SI,MUCHOS,ASFALTO,MUCHO,NO,NO,NO NUNCA,REGULARMENTE,SI,SI,LAMENTABLE,REGULARMENTE
2/11/2022 21:18:36,Argentina,,Malo,NO,NO SE,TIERRA,NO SE REPARAN,NO,NO SE,NO NUNCA,,SI NO ME LLEVA MUCHO TIEMPO.,NO ME INTERESA EL TEMA,LAMENTABLE,NUNCA
2/11/2022 21:26:04,Chile,,Bueno,NO,POCOS,ASFALTO,MUCHO,NO,NO,SI,FRECUENTEMENTE,SI,SI,LAMENTABLE,NUNCA
2/11/2022 21:29:32,Argentina,,Bueno,SI,MUCHOS,MIXTO,MUCHO,NO,NO SE,NO NUNCA,REGULARMENTE,NO,NO ME INTERESA EL TEMA,BUENA,REGULARMENTE
2/11/2022 21:37:57,Spain,,Bueno,NO SE,NO SE,ASFALTO,POCO,NO,NO SE,NO NUNCA,,NO,NO ME INTERESA EL TEMA,BUENA,REGULARMENTE
2/11/2022 22:07:04,Peru,,Malo,SI,MUCHOS,ASFALTO,MUCHO,NO,NO SE,SI,REGULARMENTE,SI,SI,LAMENTABLE,NUNCA
2/11/2022 22:09:58,Peru,,Malo,SI,MUCHOS,ASFALTO,MUCHO,SI,NO,NO,REGULARMENTE,SI NO ME LLEVA MUCHO TIEMPO.,SI,LAMENTABLE,NUNCA
2/11/2022 22:11:08,Paraguay,Central,Bueno,SI,MUCHOS,ASFALTO,MUCHO,NO,SI,NO,FRECUENTEMENTE,SI,SI,LAMENTABLE,REGULARMENTE
2/11/2022 22:28:24,Paraguay,Central,Lamentable,SI,MUCHOS,ASFALTO,NO SE REPARAN,SI,NO,SI,FRECUENTEMENTE,SI,SI,LAMENTABLE,NUNCA
2/11/2022 22:30:53,Puerto Rico,,Lamentable,SI,MUCHOS,ASFALTO,NO SE REPARAN,NO,NO SE,SI,FRECUENTEMENTE,SI,SI,LAMENTABLE,NUNCA
2/11/2022 23:07:40,Paraguay,Central,Malo,SI,MUCHOS,MIXTO,NO SE REPARAN,NO,NO,SI,FRECUENTEMENTE,SI,NO SE,LAMENTABLE,NUNCA
2/11/2022 23:29:17,Paraguay,Central,Malo,SI,POCOS,ASFALTO,NO SE REPARAN,NO,NO,NO,REGULARMENTE,SI,SI,LAMENTABLE,NUNCA
3/11/2022 0:38:08,Peru,,Lamentable,SI,MUCHOS,ASFALTO,NO SE REPARAN,NO,NO,SI,FRECUENTEMENTE,SI,SI,LAMENTABLE,NUNCA
3/11/2022 1:18:36,Spain,,Bueno,NO,POCOS,ASFALTO,POCO,SI,NO,NO NUNCA,REGULARMENTE,SI,SI,BUENA,REGULARMENTE
3/11/2022 1:54:46,Mexico,,Lamentable,SI,MUCHOS,ASFALTO,MUCHO,SI,NO,SI,FRECUENTEMENTE,SI,SI,LAMENTABLE,NUNCA
3/11/2022 4:11:05,Dominican Republic,,Bueno,SI,MUCHOS,ASFALTO,POCO,SI,SI,SI,FRECUENTEMENTE,SI,SI,BUENA,REGULARMENTE
3/11/2022 7:20:15,Paraguay,Central,Malo,SI,MUCHOS,MIXTO,NO SE REPARAN,NO,NO,NO,REGULARMENTE,SI NO ME LLEVA MUCHO TIEMPO.,SI,LAMENTABLE,NUNCA
3/11/2022 8:08:13,Paraguay,Central,Lamentable,SI,MUCHOS,PIEDRA,MUCHO,NO,SI,SI,FRECUENTEMENTE,SI,SI,LAMENTABLE,NUNCA
3/11/2022 8:17:37,Paraguay,Alto Paraná,Bueno,SI,POCOS,ASFALTO,NO SE REPARAN,SI,NO,NO,REGULARMENTE,SI NO ME LLEVA MUCHO TIEMPO.,SI,LAMENTABLE,NUNCA
3/11/2022 8:44:48,Paraguay,Central,Lamentable,SI,MUCHOS,PIEDRA,MUCHO,NO,NO,NO,FRECUENTEMENTE,SI NO ME LLEVA MUCHO TIEMPO.,SI,LAMENTABLE,NUNCA
3/11/2022 8:45:53,Paraguay,Central,Malo,NO,POCOS,PIEDRA,NO SE REPARAN,SI,NO,NO,REGULARMENTE,SI NO ME LLEVA MUCHO TIEMPO.,SI,LAMENTABLE,NUNCA
3/11/2022 9:06:08,Paraguay,Central,Malo,NO,POCOS,PIEDRA,NO SE REPARAN,NO,NO,NO,FRECUENTEMENTE,SI NO ME LLEVA MUCHO TIEMPO.,SI,LAMENTABLE,NUNCA
3/11/2022 9:09:17,Paraguay,Central,Lamentable,SI,MUCHOS,ASFALTO,NO SE REPARAN,NO,SI,SI FRECUENTEMENTE,FRECUENTEMENTE,SI,SI,LAMENTABLE,NUNCA
3/11/2022 9:12:09,Paraguay,Alto Paraná,Malo,SI,MUCHOS,ASFALTO,MUCHO,NO,NO SE,NO,REGULARMENTE,SI,SI,LAMENTABLE,NUNCA
3/11/2022 9:15:40,Paraguay,Alto Paraná,Malo,SI,MUCHOS,ASFALTO,NO SE REPARAN,NO,NO SE,NO NUNCA,REGULARMENTE,,SI,LAMENTABLE,NUNCA
3/11/2022 9:57:20,Paraguay,Central,Malo,SI,MUCHOS,MIXTO,NO SE REPARAN,NO,NO SE,NO,FRECUENTEMENTE,SI NO ME LLEVA MUCHO TIEMPO.,SI,LAMENTABLE,NUNCA
3/11/2022 10:14:58,Paraguay,Central,Lamentable,SI,MUCHOS,ASFALTO,NO SE REPARAN,NO,NO,NO,REGULARMENTE,SI NO ME LLEVA MUCHO TIEMPO.,SI,LAMENTABLE,NUNCA
3/11/2022 10:42:46,Paraguay,Central,Lamentable,SI,MUCHOS,PIEDRA,MUCHO,NO,NO,NO,FRECUENTEMENTE,SI,SI,LAMENTABLE,NUNCA
3/11/2022 10:59:35,Peru,,Malo,SI,MUCHOS,ASFALTO,POCO,NO,NO,NO,REGULARMENTE,SI NO ME LLEVA MUCHO TIEMPO.,SI,LAMENTABLE,NUNCA
3/11/2022 11:20:05,Paraguay,Central,Lamentable,SI,MUCHOS,PIEDRA,NO SE REPARAN,SI,SI,NO,FRECUENTEMENTE,SI,SI,LAMENTABLE,NUNCA
3/11/2022 11:28:47,Paraguay,Cordillera,Malo,SI,MUCHOS,ASFALTO,NO SE REPARAN,NO,NO,NO,REGULARMENTE,SI NO ME LLEVA MUCHO TIEMPO.,SI,LAMENTABLE,NUNCA
3/11/2022 11:29:13,Paraguay,Central,Malo,SI,MUCHOS,PIEDRA,NO SE REPARAN,NO,NO SE,NO,REGULARMENTE,SI NO ME LLEVA MUCHO TIEMPO.,SI,LAMENTABLE,NUNCA
3/11/2022 11:49:22,Paraguay,Central,Lamentable,SI,MUCHOS,ASFALTO,MUCHO,NO,NO,NO,REGULARMENTE,SI NO ME LLEVA MUCHO TIEMPO.,SI,BUENA,NUNCA
3/11/2022 11:52:08,Paraguay,Distrito Capital,Lamentable,SI,MUCHOS,ASFALTO,NO SE REPARAN,NO,NO,SI,FRECUENTEMENTE,SI NO ME LLEVA MUCHO TIEMPO.,SI,LAMENTABLE,NUNCA
3/11/2022 11:56:01,Mexico,,Lamentable,SI,MUCHOS,ASFALTO,MUCHO,SI,NO SE,SI FRECUENTEMENTE,FRECUENTEMENTE,SI,SI,LAMENTABLE,NUNCA
3/11/2022 12:00:17,Paraguay,Central,Malo,SI,MUCHOS,MIXTO,MUCHO,NO,NO,NO,REGULARMENTE,SI,SI,LAMENTABLE,NUNCA
3/11/2022 12:27:04,Paraguay,Alto Paraná,,SI,MUCHOS,PIEDRA,MUCHO,SI,NO SE,NO NUNCA,REGULARMENTE,SI,SI,BUENA,REGULARMENTE
3/11/2022 12:31:47,Argentina,,Malo,SI,MUCHOS,ASFALTO,MUCHO,SI,NO,SI,REGULARMENTE,SI,SI,LAMENTABLE,NUNCA
3/11/2022 12:35:17,Mexico,,Malo,SI,MUCHOS,ASFALTO,MUCHO,SI,NO,NO,REGULARMENTE,SI,SI,LAMENTABLE,NUNCA
3/11/2022 12:47:48,Dominican Republic,,Bueno,NO,POCOS,ASFALTO,POCO,NO,NO SE,NO NUNCA,,SI,SI,BUENA,REGULARMENTE
3/11/2022 12:49:30,Spain,,Exelente,SI,MUCHOS,ASFALTO,POCO,NO,NO,NO,,SI,SI,LAMENTABLE,REGULARMENTE
3/11/2022 13:19:42,Paraguay,Central,Lamentable,SI,MUCHOS,ASFALTO,MUCHO,NO,NO SE,NO NUNCA,REGULARMENTE,SI NO ME LLEVA MUCHO TIEMPO.,SI,LAMENTABLE,REGULARMENTE
3/11/2022 14:15:03,Paraguay,Cordillera,Malo,SI,MUCHOS,MIXTO,NO SE REPARAN,SI,NO SE,SI,FRECUENTEMENTE,SI,SI,LAMENTABLE,NUNCA
3/11/2022 14:35:44,Mexico,,Lamentable,SI,MUCHOS,ASFALTO,MUCHO,NO,SI,SI,REGULARMENTE,SI,SI,LAMENTABLE,REGULARMENTE
3/11/2022 14:42:18,Paraguay,Central,Lamentable,SI,MUCHOS,MIXTO,NO SE REPARAN,NO,NO,SI,FRECUENTEMENTE,SI,SI,LAMENTABLE,NUNCA
3/11/2022 14:48:51,Paraguay,Central,Lamentable,SI,MUCHOS,ASFALTO,NO SE REPARAN,NO,NO,NO,REGULARMENTE,NO,SI,LAMENTABLE,NUNCA
3/11/2022 14:48:59,Argentina,,Malo,SI,MUCHOS,ASFALTO,MUCHO,NO,NO SE,NO,REGULARMENTE,SI NO ME LLEVA MUCHO TIEMPO.,SI,LAMENTABLE,REGULARMENTE
3/11/2022 14:50:19,Paraguay,Central,Malo,SI,MUCHOS,MIXTO,NO SE REPARAN,NO,NO SE,SI,FRECUENTEMENTE,SI NO ME LLEVA MUCHO TIEMPO.,SI,LAMENTABLE,NUNCA
3/11/2022 14:54:16,Brazil,,Lamentable,SI,MUCHOS,ASFALTO,NO SE REPARAN,NO,NO SE,NO,,SI,SI,LAMENTABLE,NUNCA
3/11/2022 14:55:58,Dominican Republic,,Bueno,SI,POCOS,ASFALTO,POCO,NO,NO,NO,REGULARMENTE,SI,SI,BUENA,REGULARMENTE
3/11/2022 14:59:07,Paraguay,Central,Lamentable,SI,MUCHOS,ASFALTO,MUCHO,NO,NO,NO,REGULARMENTE,NO,NO ME INTERESA EL TEMA,LAMENTABLE,NUNCA
3/11/2022 15:00:55,Paraguay,Central,Bueno,SI,MUCHOS,ASFALTO,MUCHO,NO,NO SE,NO,FRECUENTEMENTE,SI,NO SE,LAMENTABLE,REGULARMENTE
3/11/2022 15:23:47,Paraguay,Distrito Capital,Lamentable,SI,MUCHOS,ASFALTO,MUCHO,NO,NO,SI,REGULARMENTE,SI NO ME LLEVA MUCHO TIEMPO.,SI,LAMENTABLE,REGULARMENTE
3/11/2022 15:51:30,Mexico,,Malo,SI,MUCHOS,ASFALTO,MUCHO,SI,NO,SI,REGULARMENTE,SI,SI,LAMENTABLE,REGULARMENTE
3/11/2022 15:55:02,Mexico,,Malo,SI,MUCHOS,ASFALTO,NO SE REPARAN,SI,SI,SI,REGULARMENTE,SI,SI,LAMENTABLE,NUNCA
3/11/2022 16:09:57,Mexico,,Malo,SI,MUCHOS,ASFALTO,MUCHO,SI,SI,NO,REGULARMENTE,NO,SI,BUENA,NUNCA
3/11/2022 16:32:35,Mexico,,Lamentable,SI,MUCHOS,ASFALTO,NO SE REPARAN,SI,NO SE,SI FRECUENTEMENTE,FRECUENTEMENTE,SI,SI,LAMENTABLE,REGULARMENTE
3/11/2022 16:34:53,Mexico,,Lamentable,SI,MUCHOS,ASFALTO,NO SE REPARAN,NO,SI,SI,FRECUENTEMENTE,SI NO ME LLEVA MUCHO TIEMPO.,SI,,NUNCA
3/11/2022 17:07:26,Paraguay,Central,Lamentable,SI,MUCHOS,PIEDRA,NO SE REPARAN,NO,NO SE,NO,REGULARMENTE,SI,SI,LAMENTABLE,REGULARMENTE
3/11/2022 17:25:38,Honduras,,Malo,SI,MUCHOS,ASFALTO,MUCHO,NO,NO,NO,FRECUENTEMENTE,SI,SI,BUENA,REGULARMENTE
3/11/2022 17:30:25,Paraguay,Central,Lamentable,SI,MUCHOS,ASFALTO,POCO,SI,SI,NO,FRECUENTEMENTE,SI,SI,LAMENTABLE,NUNCA
3/11/2022 17:39:49,Argentina,,Malo,SI,NO SE,ASFALTO,MUCHO,NO,NO SE,NO,,SI,SI,LAMENTABLE,REGULARMENTE
3/11/2022 17:47:54,Paraguay,Central,Bueno,NO,POCOS,PIEDRA,MUCHO,SI,SI,SI,FRECUENTEMENTE,SI NO ME LLEVA MUCHO TIEMPO.,SI,LAMENTABLE,REGULARMENTE
3/11/2022 17:48:19,Mexico,,Malo,SI,POCOS,ASFALTO,MUCHO,NO,NO SE,SI,REGULARMENTE,NO,NO ME INTERESA EL TEMA,LAMENTABLE,REGULARMENTE
3/11/2022 18:16:39,Mexico,,Malo,SI,MUCHOS,ASFALTO,MUCHO,NO,NO,SI,REGULARMENTE,SI,SI,LAMENTABLE,REGULARMENTE
3/11/2022 19:10:45,Paraguay,Paraguarí,Bueno,SI,MUCHOS,ASFALTO,NO SE REPARAN,SI,NO,NO NUNCA,REGULARMENTE,SI,SI,LAMENTABLE,NUNCA
3/11/2022 19:30:27,Argentina,,Lamentable,SI,MUCHOS,MIXTO,NO SE REPARAN,NO,NO,SI,FRECUENTEMENTE,SI,SI,LAMENTABLE,NUNCA
3/11/2022 20:26:32,Peru,,Malo,SI,MUCHOS,ASFALTO,NO SE REPARAN,NO,NO,NO,REGULARMENTE,SI,SI,LAMENTABLE,REGULARMENTE
3/11/2022 20:41:04,Antarctica,Caaguazú,Malo,SI,MUCHOS,MIXTO,NO SE REPARAN,NO,SI,SI,FRECUENTEMENTE,SI,SI,LAMENTABLE,NUNCA
3/11/2022 20:56:34,Bolivia,,Bueno,SI,POCOS,ASFALTO,MUCHO,NO,NO,NO NUNCA,REGULARMENTE,SI NO ME LLEVA MUCHO TIEMPO.,SI,LAMENTABLE,NUNCA
3/11/2022 21:50:33,Venezuela,,Malo,SI,MUCHOS,ASFALTO,POCO,SI,SI,NO,REGULARMENTE,SI,SI,BUENA,REGULARMENTE
4/11/2022 0:02:20,Paraguay,Paraguarí,Malo,SI,MUCHOS,ASFALTO,NO SE REPARAN,NO,NO,NO,REGULARMENTE,SI NO ME LLEVA MUCHO TIEMPO.,SI,LAMENTABLE,NUNCA
4/11/2022 1:37:58,Peru,,Malo,SI,MUCHOS,ASFALTO,MUCHO,NO,NO SE,SI,REGULARMENTE,SI,SI,LAMENTABLE,NUNCA
4/11/2022 10:06:04,Paraguay,Central,Malo,SI,MUCHOS,ASFALTO,MUCHO,NO,NO SE,SI,REGULARMENTE,NO,SI,LAMENTABLE,NUNCA
4/11/2022 10:21:42,Colombia,,Bueno,SI,POCOS,ASFALTO,MUCHO,NO,NO,NO,FRECUENTEMENTE,SI,NO,LAMENTABLE,REGULARMENTE
4/11/2022 10:27:09,Dominican Republic,,Bueno,SI,MUCHOS,ASFALTO,POCO,NO,NO SE,NO,REGULARMENTE,SI,SI,LAMENTABLE,REGULARMENTE
4/11/2022 10:33:08,Paraguay,Central,Lamentable,SI,MUCHOS,MIXTO,NO SE REPARAN,NO,NO,SI FRECUENTEMENTE,FRECUENTEMENTE,SI,SI,LAMENTABLE,NUNCA
4/11/2022 10:35:05,Dominican Republic,,Malo,SI,MUCHOS,ASFALTO,MUCHO,NO,NO,SI,REGULARMENTE,SI,SI,LAMENTABLE,NUNCA
4/11/2022 10:50:07,Paraguay,Distrito Capital,Lamentable,SI,MUCHOS,ASFALTO,NO SE REPARAN,NO,NO,SI,REGULARMENTE,NO,SI,LAMENTABLE,NUNCA
4/11/2022 10:53:25,Paraguay,Central,Lamentable,SI,MUCHOS,ASFALTO,POCO,SI,NO,SI,FRECUENTEMENTE,SI,SI,LAMENTABLE,
4/11/2022 10:58:19,Paraguay,Distrito Capital,Malo,SI,MUCHOS,ASFALTO,NO SE REPARAN,NO,NO SE,SI,FRECUENTEMENTE,SI,NO SE,LAMENTABLE,NUNCA
4/11/2022 11:09:45,Paraguay,Amambay,Bueno,SI,POCOS,ASFALTO,NO SE REPARAN,NO,NO,NO,REGULARMENTE,SI,SI,LAMENTABLE,NUNCA
4/11/2022 11:21:41,Bolivia,,Lamentable,SI,MUCHOS,ASFALTO,NO SE REPARAN,NO,NO,NO,REGULARMENTE,SI NO ME LLEVA MUCHO TIEMPO.,SI,LAMENTABLE,NUNCA
4/11/2022 12:54:39,Paraguay,Central,Lamentable,SI,MUCHOS,ASFALTO,NO SE REPARAN,NO,NO SE,SI,REGULARMENTE,SI,SI,LAMENTABLE,NUNCA
4/11/2022 12:56:08,Paraguay,Central,Lamentable,SI,MUCHOS,ASFALTO,MUCHO,NO,NO SE,NO NUNCA,REGULARMENTE,SI,SI,LAMENTABLE,NUNCA
4/11/2022 13:44:30,Paraguay,Central,Lamentable,SI,MUCHOS,MIXTO,NO SE REPARAN,NO,NO,SI,FRECUENTEMENTE,SI,SI,LAMENTABLE,NUNCA
4/11/2022 13:58:14,Paraguay,Central,Lamentable,SI,MUCHOS,ASFALTO,NO SE REPARAN,NO,NO,NO,,SI NO ME LLEVA MUCHO TIEMPO.,NO SE,LAMENTABLE,NUNCA
4/11/2022 14:14:53,Dominican Republic,,Malo,SI,MUCHOS,ASFALTO,MUCHO,NO,NO SE,NO,,SI,SI,LAMENTABLE,NUNCA
4/11/2022 14:17:50,Paraguay,Alto Paraná,Malo,SI,NO SE,ASFALTO,MUCHO,NO,NO SE,NO,REGULARMENTE,SI,SI,LAMENTABLE,NUNCA
4/11/2022 14:29:59,Argentina,,Malo,SI,MUCHOS,ASFALTO,MUCHO,SI,NO,NO,REGULARMENTE,SI,SI,LAMENTABLE,NUNCA
4/11/2022 14:31:25,Bolivia,,Malo,SI,MUCHOS,ASFALTO,NO SE REPARAN,NO,NO SE,NO,REGULARMENTE,SI NO ME LLEVA MUCHO TIEMPO.,SI,LAMENTABLE,NUNCA
4/11/2022 14:33:22,Spain,,Malo,SI,MUCHOS,ASFALTO,MUCHO,NO,NO,NO,FRECUENTEMENTE,SI,SI,LAMENTABLE,NUNCA
4/11/2022 15:42:43,Colombia,,Bueno,NO,NO SE,ASFALTO,POCO,NO,NO,NO,,NO,SI,BUENA,REGULARMENTE
4/11/2022 15:58:02,Mexico,,Malo,SI,MUCHOS,ASFALTO,MUCHO,NO,NO SE,SI,REGULARMENTE,SI,SI,LAMENTABLE,NUNCA
4/11/2022 16:00:22,Mexico,,Malo,SI,MUCHOS,ASFALTO,POCO,NO,NO,SI,FRECUENTEMENTE,SI NO ME LLEVA MUCHO TIEMPO.,SI,LAMENTABLE,REGULARMENTE
4/11/2022 16:02:58,Paraguay,Alto Paraguay,Malo,SI,POCOS,MIXTO,MUCHO,NO,NO SE,NO,REGULARMENTE,SI,NO,LAMENTABLE,REGULARMENTE
4/11/2022 16:09:37,Paraguay,Central,Lamentable,SI,MUCHOS,ASFALTO,NO SE REPARAN,NO,NO,SI FRECUENTEMENTE,FRECUENTEMENTE,SI,SI,LAMENTABLE,
4/11/2022 16:14:00,Paraguay,Central,Malo,SI,MUCHOS,ASFALTO,NO SE REPARAN,NO,NO,SI,REGULARMENTE,SI,SI,LAMENTABLE,NUNCA
4/11/2022 16:18:13,Argentina,,Bueno,SI,POCOS,ASFALTO,MUCHO,NO,NO,NO,REGULARMENTE,SI,SI,BUENA,REGULARMENTE
4/11/2022 16:30:16,Argentina,,Malo,SI,MUCHOS,ASFALTO,MUCHO,NO,NO SE,SI,,SI NO ME LLEVA MUCHO TIEMPO.,SI,LAMENTABLE,NUNCA
4/11/2022 16:31:06,Peru,,Malo,SI,MUCHOS,MIXTO,MUCHO,NO,NO,SI,FRECUENTEMENTE,SI,SI,LAMENTABLE,NUNCA
4/11/2022 16:34:50,Panama,,Malo,,NO SE,ASFALTO,NO SE REPARAN,NO,NO SE,SI,FRECUENTEMENTE,SI,SI,LAMENTABLE,NUNCA
4/11/2022 16:48:23,Cuba,,Lamentable,SI,MUCHOS,ASFALTO,NO SE REPARAN,NO,NO,SI FRECUENTEMENTE,FRECUENTEMENTE,SI,SI,LAMENTABLE,NUNCA
4/11/2022 16:49:45,Paraguay,Central,Malo,SI,POCOS,ASFALTO,NO SE REPARAN,SI,NO,NO,REGULARMENTE,NO,NO ME INTERESA EL TEMA,LAMENTABLE,NUNCA
4/11/2022 16:50:23,Spain,,Malo,SI,POCOS,ASFALTO,MUCHO,SI,NO,NO,FRECUENTEMENTE,SI,SI,LAMENTABLE,REGULARMENTE
4/11/2022 17:09:22,Dominican Republic,,Bueno,NO,POCOS,ASFALTO,MUCHO,NO,NO SE,NO,REGULARMENTE,NO,NO,LAMENTABLE,NUNCA
4/11/2022 18:18:46,Paraguay,Central,Malo,SI,MUCHOS,TIERRA,NO SE REPARAN,NO,NO,NO,REGULARMENTE,SI,SI,LAMENTABLE,NUNCA
4/11/2022 18:39:42,Peru,,Malo,SI,MUCHOS,ASFALTO,NO SE REPARAN,NO,NO,NO,,SI,SI,LAMENTABLE,NUNCA
4/11/2022 19:03:57,Paraguay,Alto Paraná,Malo,SI,MUCHOS,TIERRA,POCO,SI,NO SE,NO NUNCA,REGULARMENTE,SI NO ME LLEVA MUCHO TIEMPO.,SI,BUENA,REGULARMENTE
4/11/2022 20:01:30,Dominican Republic,,Bueno,SI,POCOS,ASFALTO,MUCHO,NO,NO SE,NO,,SI NO ME LLEVA MUCHO TIEMPO.,SI,LAMENTABLE,REGULARMENTE
4/11/2022 21:51:27,Paraguay,Central,Lamentable,SI,MUCHOS,MIXTO,NO SE REPARAN,NO,NO,SI,FRECUENTEMENTE,SI,SI,LAMENTABLE,NUNCA
4/11/2022 22:07:29,Paraguay,Central,Lamentable,SI,MUCHOS,PIEDRA,NO SE REPARAN,NO,NO,NO,REGULARMENTE,SI NO ME LLEVA MUCHO TIEMPO.,SI,LAMENTABLE,NUNCA
4/11/2022 22:16:15,Paraguay,Central,Lamentable,SI,MUCHOS,ASFALTO,MUCHO,NO,NO SE,NO,,SI,SI,LAMENTABLE,REGULARMENTE
4/11/2022 23:26:39,El Salvador,,Lamentable,SI,MUCHOS,ASFALTO,NO SE REPARAN,NO,NO,SI FRECUENTEMENTE,FRECUENTEMENTE,NO,SI,LAMENTABLE,NUNCA
4/11/2022 23:43:22,Mexico,,Malo,SI,MUCHOS,ASFALTO,MUCHO,NO,SI,SI,,SI,NO SE,LAMENTABLE,REGULARMENTE
5/11/2022 2:09:32,Mexico,,Malo,SI,MUCHOS,ASFALTO,NO SE REPARAN,SI,NO,SI,REGULARMENTE,SI,SI,LAMENTABLE,NUNCA
5/11/2022 2:33:05,Mexico,,Bueno,NO,POCOS,ASFALTO,POCO,SI,NO,NO NUNCA,REGULARMENTE,SI NO ME LLEVA MUCHO TIEMPO.,NO,BUENA,REGULARMENTE
5/11/2022 7:11:09,Paraguay,Central,Lamentable,SI,POCOS,PIEDRA,NO SE REPARAN,NO,NO,NO,FRECUENTEMENTE,SI NO ME LLEVA MUCHO TIEMPO.,SI,LAMENTABLE,NUNCA
5/11/2022 9:00:33,Paraguay,Itapúa,Malo,SI,MUCHOS,MIXTO,NO SE REPARAN,NO,NO SE,NO,REGULARMENTE,SI,SI,LAMENTABLE,NUNCA
5/11/2022 9:13:02,Paraguay,Central,Bueno,SI,POCOS,ASFALTO,MUCHO,NO,NO,NO,REGULARMENTE,SI,SI,LAMENTABLE,REGULARMENTE
5/11/2022 9:27:45,Venezuela,Distrito Capital,Malo,SI,MUCHOS,ASFALTO,NO SE REPARAN,NO,NO SE,NO,REGULARMENTE,SI,SI,LAMENTABLE,NUNCA
5/11/2022 9:52:04,Argentina,,Malo,SI,MUCHOS,MIXTO,NO SE REPARAN,NO,NO,NO,REGULARMENTE,SI,SI,LAMENTABLE,NUNCA
5/11/2022 9:55:23,Honduras,,Malo,SI,MUCHOS,MIXTO,MUCHO,NO,NO,NO,FRECUENTEMENTE,SI,SI,LAMENTABLE,NUNCA
5/11/2022 11:00:10,Paraguay,Itapúa,Malo,SI,MUCHOS,ASFALTO,NO SE REPARAN,SI,SI,SI,FRECUENTEMENTE,SI,SI,LAMENTABLE,NUNCA
5/11/2022 11:21:38,Spain,,Bueno,NO,POCOS,MIXTO,POCO,SI,SI,NO,REGULARMENTE,SI,NO SE,BUENA,REGULARMENTE
5/11/2022 19:42:20,Paraguay,,Lamentable,SI,MUCHOS,ASFALTO,NO SE REPARAN,SI,NO,SI FRECUENTEMENTE,FRECUENTEMENTE,SI,SI,LAMENTABLE,NUNCA
5/11/2022 22:01:39,Mexico,,Lamentable,SI,MUCHOS,ASFALTO,NO SE REPARAN,NO,NO,SI,FRECUENTEMENTE,SI,SI,LAMENTABLE,NUNCA
5/11/2022 22:06:14,Argentina,,Malo,SI,MUCHOS,MIXTO,NO SE REPARAN,NO,NO SE,SI,REGULARMENTE,SI,SI,LAMENTABLE,NUNCA
5/11/2022 22:19:06,Paraguay,Central,Lamentable,SI,MUCHOS,MIXTO,NO SE REPARAN,NO,NO,NO,FRECUENTEMENTE,SI,SI,LAMENTABLE,NUNCA
5/11/2022 22:26:14,Bolivia,,Bueno,SI,POCOS,ASFALTO,MUCHO,NO,NO,NO,FRECUENTEMENTE,SI,SI,LAMENTABLE,NUNCA
5/11/2022 22:44:53,Venezuela,,Lamentable,SI,MUCHOS,ASFALTO,NO SE REPARAN,NO,NO,SI,FRECUENTEMENTE,SI,SI,LAMENTABLE,NUNCA
5/11/2022 23:06:20,Colombia,,Bueno,SI,POCOS,ASFALTO,MUCHO,NO,NO SE,NO,REGULARMENTE,SI NO ME LLEVA MUCHO TIEMPO.,NO SE,LAMENTABLE,REGULARMENTE
6/11/2022 3:21:18,Mexico,,Malo,SI,MUCHOS,ASFALTO,POCO,SI,SI,NO,REGULARMENTE,SI,SI,BUENA,REGULARMENTE
6/11/2022 5:23:33,Paraguay,Distrito Capital,Malo,SI,MUCHOS,ASFALTO,NO SE REPARAN,NO,NO SE,NO,REGULARMENTE,SI NO ME LLEVA MUCHO TIEMPO.,SI,LAMENTABLE,NUNCA
6/11/2022 5:57:38,Colombia,,Lamentable,SI,MUCHOS,MIXTO,NO SE REPARAN,,NO,SI,,SI,NO SE,LAMENTABLE,NUNCA
6/11/2022 10:31:14,Paraguay,Central,Lamentable,SI,MUCHOS,PIEDRA,MUCHO,SI,SI,NO,FRECUENTEMENTE,SI,SI,LAMENTABLE,REGULARMENTE
6/11/2022 13:28:15,Bolivia,,Bueno,NO,POCOS,MIXTO,MUCHO,NO,NO,NO NUNCA,REGULARMENTE,SI,SI,,REGULARMENTE
6/11/2022 13:36:52,Mexico,,Lamentable,SI,MUCHOS,ASFALTO,NO SE REPARAN,NO,NO,SI,FRECUENTEMENTE,SI,SI,LAMENTABLE,NUNCA
6/11/2022 13:42:08,Bolivia,,Malo,SI,MUCHOS,ASFALTO,MUCHO,NO,SI,NO NUNCA,FRECUENTEMENTE,SI,SI,LAMENTABLE,NUNCA
6/11/2022 14:06:06,Mexico,,Malo,SI,MUCHOS,ASFALTO,MUCHO,SI,NO,SI,REGULARMENTE,SI,SI,LAMENTABLE,NUNCA
6/11/2022 14:16:08,Paraguay,Alto Paraná,Lamentable,SI,MUCHOS,ASFALTO,NO SE REPARAN,NO,NO SE,SI,REGULARMENTE,SI NO ME LLEVA MUCHO TIEMPO.,SI,LAMENTABLE,NUNCA
6/11/2022 14:17:18,Paraguay,Central,Malo,SI,MUCHOS,ASFALTO,NO SE REPARAN,NO,NO SE,NO,FRECUENTEMENTE,SI NO ME LLEVA MUCHO TIEMPO.,NO ME INTERESA EL TEMA,LAMENTABLE,NUNCA
6/11/2022 14:25:03,Dominican Republic,,Bueno,SI,MUCHOS,ASFALTO,MUCHO,NO,NO SE,NO,REGULARMENTE,NO,SI,LAMENTABLE,NUNCA
6/11/2022 15:58:35,Mexico,,Lamentable,SI,MUCHOS,MIXTO,MUCHO,NO,NO,SI,FRECUENTEMENTE,SI,SI,LAMENTABLE,NUNCA
7/11/2022 7:38:53,Argentina,,Malo,SI,MUCHOS,ASFALTO,MUCHO,SI,NO,NO NUNCA,REGULARMENTE,NO,NO,BUENA,REGULARMENTE
7/11/2022 10:37:15,Mexico,,Lamentable,SI,MUCHOS,ASFALTO,MUCHO,NO,NO,SI,FRECUENTEMENTE,SI,SI,LAMENTABLE,REGULARMENTE
7/11/2022 14:52:24,Paraguay,Central,Lamentable,SI,MUCHOS,ASFALTO,NO SE REPARAN,NO,NO SE,NO,FRECUENTEMENTE,SI,SI,LAMENTABLE,NUNCA
8/11/2022 10:42:46,Dominican Republic,,Malo,SI,MUCHOS,TIERRA,NO SE REPARAN,NO,NO,SI,FRECUENTEMENTE,SI,SI,LAMENTABLE,NUNCA
8/11/2022 13:49:48,Paraguay,Central,Lamentable,SI,MUCHOS,MIXTO,NO SE REPARAN,NO,NO SE,NO,REGULARMENTE,SI NO ME LLEVA MUCHO TIEMPO.,NO SE,LAMENTABLE,NUNCA
8/11/2022 21:10:40,Argentina,,Bueno,NO,POCOS,ASFALTO,POCO,NO,NO SE,NO,FRECUENTEMENTE,NO,SI,BUENA,REGULARMENTE
8/11/2022 21:13:18,Paraguay,Central,Lamentable,SI,MUCHOS,ASFALTO,MUCHO,NO,SI,SI,FRECUENTEMENTE,SI,SI,LAMENTABLE,NUNCA
8/11/2022 21:15:48,Venezuela,,Lamentable,SI,MUCHOS,ASFALTO,MUCHO,NO,NO,NO,REGULARMENTE,SI NO ME LLEVA MUCHO TIEMPO.,SI,LAMENTABLE,REGULARMENTE
8/11/2022 21:16:49,Mexico,,Malo,SI,MUCHOS,ASFALTO,NO SE REPARAN,SI,SI,NO,REGULARMENTE,SI,SI,LAMENTABLE,REGULARMENTE
8/11/2022 21:22:55,Bolivia,,Malo,SI,MUCHOS,MIXTO,NO SE REPARAN,NO,NO,NO,REGULARMENTE,SI NO ME LLEVA MUCHO TIEMPO.,SI,LAMENTABLE,NUNCA
8/11/2022 21:30:40,Panama,Concepción,Bueno,NO,POCOS,ASFALTO,POCO,NO,SI,NO NUNCA,REGULARMENTE,NO,NO,BUENA,NUNCA
8/11/2022 21:31:25,Argentina,,Malo,NO,POCOS,MIXTO,MUCHO,NO,NO,NO,REGULARMENTE,SI,NO ME INTERESA EL TEMA,LAMENTABLE,REGULARMENTE
8/11/2022 21:33:16,Bolivia,,Bueno,NO,NO SE,ASFALTO,POCO,SI,NO SE,NO,REGULARMENTE,SI,SI,BUENA,NUNCA
8/11/2022 21:34:12,Peru,,Bueno,NO,NO SE,ASFALTO,NO SE REPARAN,NO,SI,NO NUNCA,REGULARMENTE,SI NO ME LLEVA MUCHO TIEMPO.,SI,BUENA,NUNCA
8/11/2022 21:37:03,Argentina,,Malo,NO,NO SE,ASFALTO,NO SE REPARAN,SI,NO,SI,REGULARMENTE,SI NO ME LLEVA MUCHO TIEMPO.,NO ME INTERESA EL TEMA,LAMENTABLE,NUNCA
8/11/2022 21:37:18,Paraguay,Central,Lamentable,SI,MUCHOS,ASFALTO,NO SE REPARAN,NO,NO,SI,FRECUENTEMENTE,SI,SI,LAMENTABLE,NUNCA
8/11/2022 21:39:47,Paraguay,Cordillera,Malo,SI,MUCHOS,MIXTO,NO SE REPARAN,NO,NO,NO,REGULARMENTE,SI,SI,LAMENTABLE,NUNCA
8/11/2022 21:41:00,Argentina,,Bueno,NO SE,POCOS,ASFALTO,MUCHO,SI,NO SE,NO,FRECUENTEMENTE,NO,SI,BUENA,NUNCA
8/11/2022 21:43:43,Dominican Republic,,Bueno,SI,MUCHOS,ASFALTO,MUCHO,NO,NO SE,NO,REGULARMENTE,SI,SI,LAMENTABLE,NUNCA
8/11/2022 21:44:50,Paraguay,Central,Malo,SI,MUCHOS,MIXTO,NO SE REPARAN,NO,NO,NO NUNCA,REGULARMENTE,SI NO ME LLEVA MUCHO TIEMPO.,SI,LAMENTABLE,NUNCA
8/11/2022 21:46:24,Paraguay,Distrito Capital,Lamentable,SI,MUCHOS,MIXTO,MUCHO,NO,NO SE,SI,FRECUENTEMENTE,SI,SI,LAMENTABLE,NUNCA
8/11/2022 21:47:53,Anguilla,,Exelente,NO,NO SE,PIEDRA,NO SE REPARAN,NO,NO SE,NO,REGULARMENTE,NO,NO,EXELENTE,NUNCA
8/11/2022 21:54:29,Paraguay,Alto Paraná,Malo,SI,MUCHOS,PIEDRA,NO SE REPARAN,NO,NO SE,NO NUNCA,FRECUENTEMENTE,SI,SI,LAMENTABLE,NUNCA
8/11/2022 22:00:42,Paraguay,Central,Lamentable,SI,MUCHOS,ASFALTO,NO SE REPARAN,NO,SI,NO,,SI,SI,LAMENTABLE,NUNCA
8/11/2022 22:01:06,Andorra,Caaguazú,Exelente,NO,NO SE,TIERRA,NO SE REPARAN,SI,SI,SI,FRECUENTEMENTE,SI,NO,EXELENTE,NUNCA
8/11/2022 22:04:37,Argentina,,Bueno,NO,POCOS,ASFALTO,MUCHO,NO,NO SE,NO,,SI,SI,LAMENTABLE,REGULARMENTE
8/11/2022 22:06:09,Paraguay,Central,Lamentable,SI,MUCHOS,MIXTO,MUCHO,NO,NO,SI,FRECUENTEMENTE,SI NO ME LLEVA MUCHO TIEMPO.,SI,LAMENTABLE,NUNCA
8/11/2022 22:07:44,Mexico,,Lamentable,SI,MUCHOS,ASFALTO,NO SE REPARAN,SI,NO,SI,FRECUENTEMENTE,SI,SI,LAMENTABLE,NUNCA
8/11/2022 22:09:21,Paraguay,Distrito Capital,Malo,SI,NO SE,PIEDRA,POCO,NO,NO SE,NO,REGULARMENTE,SI NO ME LLEVA MUCHO TIEMPO.,SI,LAMENTABLE,REGULARMENTE
8/11/2022 22:09:28,Paraguay,Distrito Capital,Malo,SI,MUCHOS,ASFALTO,MUCHO,SI,NO,NO,REGULARMENTE,SI NO ME LLEVA MUCHO TIEMPO.,SI,LAMENTABLE,REGULARMENTE
8/11/2022 22:12:13,Dominican Republic,,Malo,SI,MUCHOS,ASFALTO,MUCHO,NO,NO SE,NO,REGULARMENTE,NO,SI,BUENA,NUNCA
8/11/2022 22:13:15,Peru,,Bueno,SI,MUCHOS,ASFALTO,POCO,NO,NO,NO,,SI NO ME LLEVA MUCHO TIEMPO.,NO ME INTERESA EL TEMA,EXELENTE,NUNCA
8/11/2022 22:13:27,Mexico,,Malo,SI,MUCHOS,ASFALTO,MUCHO,SI,SI,NO,FRECUENTEMENTE,SI,SI,LAMENTABLE,NUNCA
8/11/2022 22:17:20,Paraguay,Central,Malo,SI,MUCHOS,ASFALTO,MUCHO,SI,NO,SI,FRECUENTEMENTE,SI,SI,LAMENTABLE,REGULARMENTE
8/11/2022 22:30:03,Chile,,Bueno,SI,POCOS,ASFALTO,POCO,SI,NO SE,NO NUNCA,REGULARMENTE,SI NO ME LLEVA MUCHO TIEMPO.,SI,BUENA,REGULARMENTE
8/11/2022 22:35:31,Paraguay,Central,Malo,SI,MUCHOS,PIEDRA,NO SE REPARAN,NO,NO,SI FRECUENTEMENTE,FRECUENTEMENTE,SI NO ME LLEVA MUCHO TIEMPO.,SI,LAMENTABLE,NUNCA
8/11/2022 22:39:19,Paraguay,Ñeembucú,Lamentable,SI,MUCHOS,MIXTO,MUCHO,NO,NO SE,SI,FRECUENTEMENTE,SI NO ME LLEVA MUCHO TIEMPO.,SI,LAMENTABLE,REGULARMENTE
8/11/2022 22:39:20,Paraguay,Central,Malo,SI,POCOS,PIEDRA,NO SE REPARAN,NO,NO SE,NO,REGULARMENTE,SI,SI,LAMENTABLE,NUNCA
8/11/2022 22:41:21,Paraguay,Distrito Capital,Lamentable,SI,MUCHOS,PIEDRA,NO SE REPARAN,NO,NO,NO,REGULARMENTE,SI,NO SE,LAMENTABLE,NUNCA
8/11/2022 22:42:15,Bolivia,,Malo,SI,MUCHOS,TIERRA,NO SE REPARAN,NO,NO SE,NO,REGULARMENTE,NO,SI,LAMENTABLE,NUNCA
8/11/2022 22:44:30,Paraguay,Central,Lamentable,SI,MUCHOS,MIXTO,NO SE REPARAN,NO,NO SE,SI,REGULARMENTE,SI,SI,LAMENTABLE,NUNCA
8/11/2022 22:52:32,Mexico,,Malo,SI,MUCHOS,ASFALTO,MUCHO,NO,NO,SI,REGULARMENTE,SI,SI,LAMENTABLE,REGULARMENTE
8/11/2022 23:07:35,Paraguay,Central,Lamentable,SI,MUCHOS,ASFALTO,NO SE REPARAN,SI,SI,SI,FRECUENTEMENTE,SI,SI,LAMENTABLE,NUNCA
8/11/2022 23:09:32,Paraguay,Central,Lamentable,SI,MUCHOS,ASFALTO,MUCHO,NO,NO SE,NO,FRECUENTEMENTE,SI,SI,LAMENTABLE,REGULARMENTE
8/11/2022 23:14:05,Philippines,Alto Paraná,Bueno,NO,NO SE,PIEDRA,NO SE REPARAN,NO,NO,NO,FRECUENTEMENTE,SI,NO SE,LAMENTABLE,NUNCA
8/11/2022 23:16:43,Paraguay,Central,Lamentable,SI,MUCHOS,ASFALTO,NO SE REPARAN,SI,NO,SI FRECUENTEMENTE,FRECUENTEMENTE,SI,NO ME INTERESA EL TEMA,LAMENTABLE,NUNCA
8/11/2022 23:17:34,Argentina,,Malo,SI,MUCHOS,ASFALTO,NO SE REPARAN,SI,SI,SI,FRECUENTEMENTE,SI,SI,LAMENTABLE,NUNCA
8/11/2022 23:21:49,Paraguay,Central,Lamentable,SI,MUCHOS,MIXTO,NO SE REPARAN,NO,NO,NO NUNCA,,SI,SI,LAMENTABLE,NUNCA
8/11/2022 23:25:49,Paraguay,Central,Lamentable,SI,MUCHOS,ASFALTO,NO SE REPARAN,SI,NO SE,NO NUNCA,,SI NO ME LLEVA MUCHO TIEMPO.,SI,LAMENTABLE,NUNCA
8/11/2022 23:27:59,Paraguay,Caaguazú,Exelente,NO,NO SE,MIXTO,POCO,NO,NO SE,NO NUNCA,REGULARMENTE,SI,SI,LAMENTABLE,REGULARMENTE
8/11/2022 23:28:35,Peru,,Bueno,NO,POCOS,ASFALTO,NO SE REPARAN,NO,NO,NO NUNCA,REGULARMENTE,SI,SI,LAMENTABLE,REGULARMENTE
8/11/2022 23:29:07,Paraguay,Central,Malo,SI,POCOS,MIXTO,NO SE REPARAN,SI,NO SE,NO,REGULARMENTE,SI NO ME LLEVA MUCHO TIEMPO.,NO SE,LAMENTABLE,NUNCA
8/11/2022 23:30:16,Paraguay,Central,Lamentable,SI,MUCHOS,ASFALTO,MUCHO,SI,NO SE,SI FRECUENTEMENTE,FRECUENTEMENTE,SI NO ME LLEVA MUCHO TIEMPO.,SI,LAMENTABLE,NUNCA
8/11/2022 23:35:45,Paraguay,Central,Lamentable,SI,MUCHOS,ASFALTO,NO SE REPARAN,NO,NO,NO,FRECUENTEMENTE,SI NO ME LLEVA MUCHO TIEMPO.,SI,LAMENTABLE,NUNCA
8/11/2022 23:36:57,Peru,,Exelente,NO,,PIEDRA,POCO,NO,NO,NO,,SI NO ME LLEVA MUCHO TIEMPO.,SI,BUENA,REGULARMENTE
8/11/2022 23:58:50,Bolivia,,Malo,SI,MUCHOS,ASFALTO,NO SE REPARAN,NO,NO,SI,REGULARMENTE,SI,SI,LAMENTABLE,NUNCA
8/11/2022 23:59:09,Paraguay,Distrito Capital,Lamentable,SI,MUCHOS,ASFALTO,MUCHO,NO,NO,SI,REGULARMENTE,SI,NO,LAMENTABLE,NUNCA
9/11/2022 0:05:29,Paraguay,Central,Lamentable,SI,MUCHOS,ASFALTO,NO SE REPARAN,NO,NO,SI FRECUENTEMENTE,FRECUENTEMENTE,SI,SI,LAMENTABLE,NUNCA
9/11/2022 0:25:23,Paraguay,Central,Malo,SI,MUCHOS,PIEDRA,MUCHO,NO,NO,NO NUNCA,REGULARMENTE,SI,SI,LAMENTABLE,REGULARMENTE
9/11/2022 0:29:17,Dominican Republic,,Bueno,NO,POCOS,ASFALTO,MUCHO,SI,NO SE,SI,REGULARMENTE,SI,SI,BUENA,REGULARMENTE
9/11/2022 0:49:29,Paraguay,Central,Malo,SI,MUCHOS,MIXTO,NO SE REPARAN,NO,NO,NO,FRECUENTEMENTE,SI NO ME LLEVA MUCHO TIEMPO.,SI,LAMENTABLE,NUNCA
9/11/2022 1:26:08,Paraguay,Central,Lamentable,SI,MUCHOS,ASFALTO,NO SE REPARAN,NO,NO SE,NO NUNCA,FRECUENTEMENTE,SI,SI,LAMENTABLE,NUNCA
9/11/2022 2:49:49,Paraguay,Cordillera,Bueno,SI,POCOS,ASFALTO,NO SE REPARAN,NO,NO SE,SI,REGULARMENTE,SI NO ME LLEVA MUCHO TIEMPO.,SI,LAMENTABLE,NUNCA
9/11/2022 2:55:40,Peru,,Malo,SI,MUCHOS,ASFALTO,NO SE REPARAN,SI,NO SE,NO,REGULARMENTE,SI NO ME LLEVA MUCHO TIEMPO.,SI,LAMENTABLE,NUNCA
9/11/2022 3:38:04,Dominican Republic,,Lamentable,SI,MUCHOS,ASFALTO,NO SE REPARAN,NO,NO SE,SI FRECUENTEMENTE,FRECUENTEMENTE,SI,SI,LAMENTABLE,NUNCA
9/11/2022 4:21:33,Paraguay,Central,Lamentable,SI,POCOS,ASFALTO,MUCHO,NO,NO,NO,REGULARMENTE,SI,SI,LAMENTABLE,NUNCA
9/11/2022 6:44:45,Paraguay,Central,Malo,SI,MUCHOS,ASFALTO,MUCHO,NO,NO,SI,,SI NO ME LLEVA MUCHO TIEMPO.,NO SE,LAMENTABLE,NUNCA
9/11/2022 9:29:15,Paraguay,Central,Lamentable,SI,MUCHOS,ASFALTO,NO SE REPARAN,NO,NO SE,NO,REGULARMENTE,SI,SI,LAMENTABLE,NUNCA
9/11/2022 9:40:14,Mexico,,Malo,SI,MUCHOS,PIEDRA,MUCHO,NO,NO,SI,FRECUENTEMENTE,SI,SI,BUENA,REGULARMENTE
9/11/2022 9:51:53,Paraguay,Distrito Capital,Bueno,SI,MUCHOS,ASFALTO,MUCHO,NO,NO,NO,REGULARMENTE,SI,SI,LAMENTABLE,NUNCA
9/11/2022 13:40:45,Paraguay,Central,Lamentable,SI,MUCHOS,MIXTO,NO SE REPARAN,SI,NO,NO,,SI,SI,LAMENTABLE,NUNCA
9/11/2022 13:50:49,Paraguay,Central,Malo,SI,MUCHOS,MIXTO,MUCHO,NO,NO SE,NO,FRECUENTEMENTE,SI,SI,LAMENTABLE,REGULARMENTE
9/11/2022 13:52:45,Paraguay,Central,Malo,SI,MUCHOS,MIXTO,MUCHO,NO,NO SE,NO,REGULARMENTE,SI,SI,LAMENTABLE,NUNCA
9/11/2022 13:56:10,Paraguay,Central,Malo,SI,NO SE,MIXTO,MUCHO,NO,NO SE,NO NUNCA,,,NO SE,LAMENTABLE,NUNCA
9/11/2022 13:56:14,Paraguay,Central,Malo,SI,MUCHOS,ASFALTO,POCO,NO,NO SE,NO NUNCA,FRECUENTEMENTE,SI,SI,LAMENTABLE,REGULARMENTE
9/11/2022 13:57:34,Paraguay,Central,Lamentable,SI,MUCHOS,ASFALTO,NO SE REPARAN,NO,NO,NO,FRECUENTEMENTE,SI NO ME LLEVA MUCHO TIEMPO.,SI,LAMENTABLE,NUNCA
9/11/2022 13:59:18,Paraguay,Distrito Capital,Malo,SI,MUCHOS,ASFALTO,MUCHO,NO,NO,SI,FRECUENTEMENTE,SI NO ME LLEVA MUCHO TIEMPO.,SI,LAMENTABLE,REGULARMENTE
9/11/2022 14:01:29,Paraguay,Central,Lamentable,SI,MUCHOS,ASFALTO,NO SE REPARAN,NO,NO SE,SI FRECUENTEMENTE,REGULARMENTE,SI,SI,LAMENTABLE,NUNCA
9/11/2022 14:05:18,Paraguay,Itapúa,Bueno,NO,POCOS,ASFALTO,MUCHO,NO,NO,NO,REGULARMENTE,SI,SI,BUENA,REGULARMENTE
9/11/2022 14:09:59,Paraguay,Itapúa,Bueno,SI,MUCHOS,ASFALTO,MUCHO,NO,NO,NO NUNCA,REGULARMENTE,SI,SI,LAMENTABLE,NUNCA
9/11/2022 14:15:51,Paraguay,Central,Lamentable,SI,MUCHOS,PIEDRA,MUCHO,NO,NO,SI,FRECUENTEMENTE,SI NO ME LLEVA MUCHO TIEMPO.,SI,BUENA,NUNCA
9/11/2022 14:20:23,Paraguay,Central,Lamentable,SI,MUCHOS,MIXTO,NO SE REPARAN,NO,NO,SI,REGULARMENTE,SI,SI,LAMENTABLE,NUNCA
9/11/2022 14:20:39,Paraguay,Central,Malo,SI,MUCHOS,PIEDRA,NO SE REPARAN,NO,NO,NO,REGULARMENTE,SI,SI,LAMENTABLE,NUNCA
9/11/2022 14:20:49,Paraguay,Central,Bueno,SI,POCOS,ASFALTO,MUCHO,NO,NO SE,NO,REGULARMENTE,SI,SI,BUENA,REGULARMENTE
9/11/2022 14:21:04,Paraguay,Central,Lamentable,SI,MUCHOS,ASFALTO,NO SE REPARAN,NO,NO,SI,FRECUENTEMENTE,SI,SI,LAMENTABLE,NUNCA
9/11/2022 14:21:38,Dominican Republic,,Malo,NO SE,MUCHOS,ASFALTO,NO SE REPARAN,NO,NO,NO,,SI,SI,LAMENTABLE,NUNCA
9/11/2022 14:22:01,Paraguay,Central,Lamentable,SI,MUCHOS,ASFALTO,NO SE REPARAN,NO,NO SE,NO,REGULARMENTE,SI,SI,LAMENTABLE,NUNCA
9/11/2022 14:23:08,Paraguay,Central,Malo,SI,MUCHOS,ASFALTO,POCO,NO,NO,NO,REGULARMENTE,SI,NO ME INTERESA EL TEMA,LAMENTABLE,REGULARMENTE
9/11/2022 14:23:29,United States,,Exelente,NO,POCOS,ASFALTO,POCO,NO,NO SE,SI,,SI,NO,BUENA,REGULARMENTE
9/11/2022 14:24:00,Paraguay,Distrito Capital,Malo,SI,MUCHOS,ASFALTO,MUCHO,NO,NO,SI,FRECUENTEMENTE,SI,SI,LAMENTABLE,NUNCA
9/11/2022 14:24:42,Paraguay,Central,Lamentable,SI,MUCHOS,ASFALTO,NO SE REPARAN,NO,NO SE,NO,FRECUENTEMENTE,SI,SI,LAMENTABLE,NUNCA
9/11/2022 14:25:14,Paraguay,Central,Bueno,NO SE,NO SE,ASFALTO,,NO,NO SE,NO NUNCA,,SI,,,
9/11/2022 14:27:33,Paraguay,Central,Bueno,SI,MUCHOS,ASFALTO,MUCHO,NO,NO SE,SI,FRECUENTEMENTE,SI NO ME LLEVA MUCHO TIEMPO.,SI,LAMENTABLE,REGULARMENTE
9/11/2022 14:30:26,Paraguay,Distrito Capital,Malo,SI,POCOS,ASFALTO,MUCHO,NO,NO SE,NO,REGULARMENTE,SI,SI,LAMENTABLE,REGULARMENTE
9/11/2022 14:31:31,Paraguay,Distrito Capital,Lamentable,SI,MUCHOS,PIEDRA,NO SE REPARAN,NO,NO,SI,FRECUENTEMENTE,SI NO ME LLEVA MUCHO TIEMPO.,SI,LAMENTABLE,NUNCA
9/11/2022 14:42:03,Spain,,Exelente,NO,POCOS,ASFALTO,POCO,SI,NO SE,NO,REGULARMENTE,SI,NO SE,EXELENTE,REGULARMENTE
9/11/2022 14:52:12,Dominican Republic,,Malo,SI,MUCHOS,ASFALTO,MUCHO,NO,NO,NO,REGULARMENTE,SI,SI,LAMENTABLE,REGULARMENTE
9/11/2022 14:52:52,Paraguay,Central,Lamentable,SI,MUCHOS,MIXTO,NO SE REPARAN,NO,NO,SI,FRECUENTEMENTE,SI,SI,LAMENTABLE,NUNCA
9/11/2022 15:01:30,Paraguay,Central,Lamentable,SI,MUCHOS,MIXTO,NO SE REPARAN,NO,NO,NO,FRECUENTEMENTE,SI,SI,LAMENTABLE,NUNCA
9/11/2022 15:12:49,Paraguay,Central,Malo,SI,MUCHOS,ASFALTO,NO SE REPARAN,NO,NO,NO,FRECUENTEMENTE,SI,SI,LAMENTABLE,REGULARMENTE
9/11/2022 15:14:44,Paraguay,Central,Malo,SI,MUCHOS,PIEDRA,MUCHO,NO,NO,NO,REGULARMENTE,SI,SI,LAMENTABLE,REGULARMENTE
9/11/2022 15:15:19,Paraguay,Caaguazú,Malo,SI,MUCHOS,MIXTO,MUCHO,NO,NO,NO,REGULARMENTE,SI NO ME LLEVA MUCHO TIEMPO.,SI,LAMENTABLE,REGULARMENTE
9/11/2022 15:17:46,Paraguay,Central,Malo,SI,MUCHOS,ASFALTO,MUCHO,NO,NO SE,SI FRECUENTEMENTE,REGULARMENTE,SI,SI,LAMENTABLE,NUNCA
9/11/2022 15:19:58,Paraguay,Central,Bueno,SI,POCOS,PIEDRA,NO SE REPARAN,SI,NO,SI,FRECUENTEMENTE,SI NO ME LLEVA MUCHO TIEMPO.,SI,BUENA,NUNCA
9/11/2022 15:23:30,Dominican Republic,,Malo,SI,MUCHOS,ASFALTO,MUCHO,SI,NO,SI,FRECUENTEMENTE,SI,SI,LAMENTABLE,NUNCA
9/11/2022 15:30:08,Mexico,,Malo,SI,MUCHOS,MIXTO,MUCHO,NO,NO,NO,REGULARMENTE,SI,SI,BUENA,REGULARMENTE
9/11/2022 15:36:42,Paraguay,Distrito Capital,Malo,SI,MUCHOS,PIEDRA,NO SE REPARAN,SI,SI,SI,REGULARMENTE,SI NO ME LLEVA MUCHO TIEMPO.,SI,LAMENTABLE,NUNCA
9/11/2022 15:43:39,Paraguay,Distrito Capital,Lamentable,SI,MUCHOS,MIXTO,NO SE REPARAN,SI,NO,SI,FRECUENTEMENTE,SI,SI,LAMENTABLE,NUNCA
9/11/2022 15:45:13,Paraguay,Central,Malo,SI,MUCHOS,ASFALTO,MUCHO,NO,NO,NO,REGULARMENTE,SI,SI,LAMENTABLE,REGULARMENTE
9/11/2022 15:53:31,Paraguay,Central,Malo,SI,MUCHOS,PIEDRA,NO SE REPARAN,NO,NO,NO,REGULARMENTE,SI,SI,LAMENTABLE,NUNCA
9/11/2022 15:57:04,Paraguay,Central,Lamentable,SI,MUCHOS,ASFALTO,NO SE REPARAN,NO,NO,SI,FRECUENTEMENTE,SI,SI,LAMENTABLE,NUNCA
9/11/2022 16:47:47,Paraguay,Central,Lamentable,SI,MUCHOS,PIEDRA,NO SE REPARAN,NO,NO,NO,REGULARMENTE,SI,SI,LAMENTABLE,NUNCA
9/11/2022 16:50:34,Paraguay,Central,Bueno,SI,NO SE,PIEDRA,MUCHO,NO,NO SE,NO NUNCA,,SI NO ME LLEVA MUCHO TIEMPO.,NO SE,LAMENTABLE,NUNCA
9/11/2022 16:51:09,Paraguay,Central,Malo,SI,MUCHOS,PIEDRA,POCO,NO,NO,NO,,SI,SI,LAMENTABLE,NUNCA
9/11/2022 16:58:05,Paraguay,Central,Lamentable,SI,MUCHOS,PIEDRA,NO SE REPARAN,NO,NO,SI,FRECUENTEMENTE,SI NO ME LLEVA MUCHO TIEMPO.,SI,LAMENTABLE,NUNCA
9/11/2022 17:00:41,Paraguay,Central,Lamentable,SI,MUCHOS,MIXTO,POCO,NO,NO SE,NO,REGULARMENTE,SI NO ME LLEVA MUCHO TIEMPO.,SI,LAMENTABLE,NUNCA
9/11/2022 17:00:48,Paraguay,Central,Malo,NO,POCOS,ASFALTO,NO SE REPARAN,SI,NO,NO,REGULARMENTE,SI,NO SE,LAMENTABLE,REGULARMENTE
9/11/2022 17:05:23,Paraguay,Central,Malo,SI,MUCHOS,ASFALTO,NO SE REPARAN,SI,NO SE,NO,FRECUENTEMENTE,SI,SI,LAMENTABLE,NUNCA
9/11/2022 17:07:23,Colombia,,Lamentable,SI,MUCHOS,ASFALTO,NO SE REPARAN,NO,NO,SI,FRECUENTEMENTE,SI NO ME LLEVA MUCHO TIEMPO.,SI,LAMENTABLE,NUNCA
9/11/2022 17:08:18,Paraguay,Amambay,Malo,SI,MUCHOS,ASFALTO,MUCHO,NO,NO SE,NO,FRECUENTEMENTE,SI NO ME LLEVA MUCHO TIEMPO.,NO ME INTERESA EL TEMA,LAMENTABLE,NUNCA
9/11/2022 17:08:28,Paraguay,Central,Lamentable,SI,MUCHOS,ASFALTO,NO SE REPARAN,NO,SI,SI,REGULARMENTE,SI,SI,LAMENTABLE,NUNCA
9/11/2022 17:10:27,Papua New Guinea,Central,Lamentable,SI,MUCHOS,ASFALTO,NO SE REPARAN,NO,SI,SI,FRECUENTEMENTE,SI,SI,LAMENTABLE,NUNCA
9/11/2022 17:10:52,Paraguay,Central,Malo,SI,MUCHOS,PIEDRA,MUCHO,SI,SI,NO,REGULARMENTE,SI,SI,LAMENTABLE,REGULARMENTE
9/11/2022 17:12:20,Paraguay,Central,Lamentable,SI,MUCHOS,ASFALTO,NO SE REPARAN,NO,NO,SI,REGULARMENTE,SI,SI,LAMENTABLE,NUNCA
9/11/2022 17:13:29,Paraguay,Central,Lamentable,SI,MUCHOS,MIXTO,POCO,NO,NO,SI,FRECUENTEMENTE,SI,SI,LAMENTABLE,NUNCA
9/11/2022 17:14:08,Paraguay,Central,Malo,SI,MUCHOS,ASFALTO,MUCHO,NO,NO,NO,FRECUENTEMENTE,SI,NO,LAMENTABLE,REGULARMENTE
9/11/2022 17:14:39,Paraguay,Central,Lamentable,SI,MUCHOS,ASFALTO,NO SE REPARAN,NO,NO SE,NO NUNCA,REGULARMENTE,SI NO ME LLEVA MUCHO TIEMPO.,SI,LAMENTABLE,NUNCA
9/11/2022 17:20:38,Paraguay,Distrito Capital,Lamentable,SI,MUCHOS,ASFALTO,NO SE REPARAN,SI,NO,NO,REGULARMENTE,SI,SI,LAMENTABLE,NUNCA
9/11/2022 17:21:58,Paraguay,Alto Paraná,Bueno,NO,NO SE,MIXTO,POCO,SI,NO SE,SI,REGULARMENTE,SI,SI,LAMENTABLE,REGULARMENTE
9/11/2022 17:23:02,Paraguay,Central,Lamentable,SI,MUCHOS,ASFALTO,NO SE REPARAN,NO,NO SE,SI,FRECUENTEMENTE,SI NO ME LLEVA MUCHO TIEMPO.,NO ME INTERESA EL TEMA,LAMENTABLE,NUNCA
9/11/2022 17:24:32,Paraguay,Distrito Capital,Malo,SI,POCOS,ASFALTO,MUCHO,NO,NO SE,NO NUNCA,REGULARMENTE,SI NO ME LLEVA MUCHO TIEMPO.,NO,BUENA,REGULARMENTE
9/11/2022 17:24:35,Paraguay,Distrito Capital,Bueno,NO SE,NO SE,ASFALTO,MUCHO,NO,NO SE,NO,REGULARMENTE,SI,SI,LAMENTABLE,REGULARMENTE
9/11/2022 17:25:35,Paraguay,Central,Bueno,SI,MUCHOS,PIEDRA,NO SE REPARAN,NO,NO,NO,FRECUENTEMENTE,SI NO ME LLEVA MUCHO TIEMPO.,SI,LAMENTABLE,NUNCA
9/11/2022 17:26:54,Paraguay,Central,Lamentable,SI,MUCHOS,ASFALTO,MUCHO,NO,NO SE,SI,FRECUENTEMENTE,SI,SI,LAMENTABLE,NUNCA
9/11/2022 17:29:08,Paraguay,Distrito Capital,Malo,SI,MUCHOS,MIXTO,MUCHO,SI,NO,SI,REGULARMENTE,SI,SI,LAMENTABLE,NUNCA
9/11/2022 17:30:02,Paraguay,Central,Bueno,SI,POCOS,PIEDRA,NO SE REPARAN,NO,NO SE,NO,FRECUENTEMENTE,SI NO ME LLEVA MUCHO TIEMPO.,SI,LAMENTABLE,NUNCA
9/11/2022 17:30:58,Paraguay,Itapúa,Malo,SI,MUCHOS,ASFALTO,MUCHO,NO,NO SE,NO,REGULARMENTE,SI,SI,LAMENTABLE,REGULARMENTE
9/11/2022 17:33:35,Paraguay,Central,Lamentable,SI,MUCHOS,MIXTO,NO SE REPARAN,NO,NO,SI,REGULARMENTE,SI,SI,LAMENTABLE,NUNCA
9/11/2022 17:33:40,Paraguay,Central,Lamentable,SI,MUCHOS,MIXTO,NO SE REPARAN,SI,NO SE,NO,REGULARMENTE,SI,SI,LAMENTABLE,NUNCA
9/11/2022 17:36:17,Venezuela,,Malo,SI,MUCHOS,ASFALTO,NO SE REPARAN,NO,NO SE,NO,REGULARMENTE,SI,SI,LAMENTABLE,NUNCA
9/11/2022 17:38:01,Dominican Republic,,Malo,SI,MUCHOS,ASFALTO,MUCHO,NO,NO,SI,FRECUENTEMENTE,SI,SI,LAMENTABLE,NUNCA
9/11/2022 17:39:32,Paraguay,Central,Lamentable,SI,MUCHOS,ASFALTO,NO SE REPARAN,NO,NO SE,SI,FRECUENTEMENTE,SI,SI,LAMENTABLE,NUNCA
9/11/2022 17:41:24,Paraguay,Central,Lamentable,SI,MUCHOS,MIXTO,NO SE REPARAN,NO,NO,NO,REGULARMENTE,SI NO ME LLEVA MUCHO TIEMPO.,SI,LAMENTABLE,NUNCA
9/11/2022 17:43:01,Paraguay,Central,Malo,SI,MUCHOS,ASFALTO,POCO,NO,NO,SI,REGULARMENTE,SI,SI,LAMENTABLE,NUNCA
9/11/2022 17:43:43,Spain,,Bueno,NO,POCOS,ASFALTO,MUCHO,SI,SI,NO,REGULARMENTE,SI,SI,BUENA,REGULARMENTE
9/11/2022 17:46:31,Paraguay,Itapúa,Bueno,SI,MUCHOS,PIEDRA,POCO,NO,NO,NO,FRECUENTEMENTE,SI,NO SE,LAMENTABLE,NUNCA
9/11/2022 17:50:35,Paraguay,Central,Malo,SI,MUCHOS,PIEDRA,NO SE REPARAN,NO,NO,NO,REGULARMENTE,SI,SI,LAMENTABLE,NUNCA
9/11/2022 17:52:13,Paraguay,Central,Malo,SI,MUCHOS,MIXTO,NO SE REPARAN,NO,NO SE,NO NUNCA,REGULARMENTE,SI,SI,LAMENTABLE,NUNCA
9/11/2022 17:55:48,Paraguay,Caaguazú,Malo,SI,MUCHOS,ASFALTO,NO SE REPARAN,NO,NO,SI FRECUENTEMENTE,REGULARMENTE,SI NO ME LLEVA MUCHO TIEMPO.,SI,LAMENTABLE,NUNCA
9/11/2022 17:56:47,Paraguay,Central,Lamentable,SI,MUCHOS,ASFALTO,MUCHO,NO,NO,NO,REGULARMENTE,SI,SI,LAMENTABLE,NUNCA
9/11/2022 17:57:31,Paraguay,Central,Lamentable,SI,MUCHOS,PIEDRA,NO SE REPARAN,NO,NO SE,SI FRECUENTEMENTE,FRECUENTEMENTE,SI,SI,LAMENTABLE,NUNCA
9/11/2022 18:05:33,Paraguay,Distrito Capital,Bueno,NO,POCOS,ASFALTO,MUCHO,NO,NO,SI,FRECUENTEMENTE,SI,SI,BUENA,REGULARMENTE
9/11/2022 18:06:08,Paraguay,Central,Lamentable,SI,MUCHOS,ASFALTO,NO SE REPARAN,NO,NO SE,NO,REGULARMENTE,SI,SI,LAMENTABLE,NUNCA
9/11/2022 18:06:10,Paraguay,Alto Paraná,Malo,SI,MUCHOS,MIXTO,NO SE REPARAN,NO,NO SE,SI,REGULARMENTE,SI,NO SE,EXELENTE,NUNCA
9/11/2022 18:07:10,Dominican Republic,,Malo,SI,POCOS,ASFALTO,POCO,NO,NO,NO,REGULARMENTE,SI,SI,LAMENTABLE,NUNCA
9/11/2022 18:11:03,Colombia,,Malo,SI,MUCHOS,ASFALTO,MUCHO,SI,SI,NO NUNCA,,SI NO ME LLEVA MUCHO TIEMPO.,NO SE,BUENA,REGULARMENTE
9/11/2022 18:12:57,Paraguay,Distrito Capital,Lamentable,SI,MUCHOS,ASFALTO,MUCHO,NO,NO,SI,FRECUENTEMENTE,SI,SI,LAMENTABLE,REGULARMENTE
9/11/2022 18:14:09,Paraguay,Alto Paraná,Malo,SI,POCOS,PIEDRA,NO SE REPARAN,NO,NO SE,NO,FRECUENTEMENTE,SI NO ME LLEVA MUCHO TIEMPO.,NO SE,LAMENTABLE,NUNCA
9/11/2022 18:21:25,Paraguay,Central,Lamentable,SI,MUCHOS,ASFALTO,MUCHO,NO,NO SE,SI,REGULARMENTE,SI NO ME LLEVA MUCHO TIEMPO.,NO SE,LAMENTABLE,NUNCA
9/11/2022 18:24:33,Venezuela,,Malo,SI,POCOS,ASFALTO,NO SE REPARAN,SI,SI,NO,REGULARMENTE,SI,SI,LAMENTABLE,NUNCA
9/11/2022 18:27:05,Argentina,,Bueno,NO,POCOS,ASFALTO,MUCHO,NO,NO SE,NO,,SI NO ME LLEVA MUCHO TIEMPO.,SI,BUENA,NUNCA
9/11/2022 18:28:12,Colombia,,Bueno,NO,POCOS,ASFALTO,MUCHO,SI,NO SE,NO,REGULARMENTE,SI,SI,BUENA,NUNCA
9/11/2022 18:31:29,Paraguay,Distrito Capital,Malo,SI,MUCHOS,ASFALTO,MUCHO,NO,NO SE,NO,REGULARMENTE,SI,SI,LAMENTABLE,REGULARMENTE
9/11/2022 18:34:31,Paraguay,Central,Lamentable,SI,MUCHOS,MIXTO,MUCHO,NO,NO SE,NO,FRECUENTEMENTE,SI NO ME LLEVA MUCHO TIEMPO.,SI,LAMENTABLE,NUNCA
9/11/2022 18:35:22,Paraguay,Central,Lamentable,SI,MUCHOS,PIEDRA,NO SE REPARAN,NO,NO,NO,,SI,SI,LAMENTABLE,NUNCA
9/11/2022 18:39:22,Bolivia,,Malo,SI,MUCHOS,ASFALTO,NO SE REPARAN,NO,NO,SI,REGULARMENTE,SI,SI,LAMENTABLE,NUNCA
9/11/2022 18:41:30,Tajikistan,Distrito Capital,Malo,NO SE,POCOS,PIEDRA,POCO,SI,NO SE,SI FRECUENTEMENTE,REGULARMENTE,NO,NO SE,BUENA,NUNCA
9/11/2022 18:50:55,Paraguay,Central,Malo,SI,MUCHOS,PIEDRA,MUCHO,NO,NO,NO,FRECUENTEMENTE,NO,SI,LAMENTABLE,NUNCA
9/11/2022 19:08:14,Paraguay,Alto Paraná,Malo,SI,MUCHOS,MIXTO,NO SE REPARAN,NO,NO SE,SI,FRECUENTEMENTE,SI,SI,LAMENTABLE,NUNCA
9/11/2022 19:11:27,Paraguay,Central,Malo,SI,POCOS,ASFALTO,MUCHO,SI,NO,NO,FRECUENTEMENTE,SI,SI,LAMENTABLE,NUNCA
9/11/2022 19:17:45,Argentina,,Malo,SI,MUCHOS,ASFALTO,MUCHO,NO,NO SE,NO,REGULARMENTE,SI NO ME LLEVA MUCHO TIEMPO.,NO SE,LAMENTABLE,REGULARMENTE
9/11/2022 19:19:50,Paraguay,Distrito Capital,Lamentable,NO,MUCHOS,TIERRA,POCO,SI,NO,SI FRECUENTEMENTE,REGULARMENTE,NO,NO,EXELENTE,NUNCA
9/11/2022 19:33:07,Paraguay,Presidente Hayes,Lamentable,SI,MUCHOS,MIXTO,NO SE REPARAN,SI,NO SE,NO NUNCA,REGULARMENTE,SI NO ME LLEVA MUCHO TIEMPO.,SI,EXELENTE,REGULARMENTE
9/11/2022 19:38:33,Paraguay,Central,Malo,SI,MUCHOS,ASFALTO,NO SE REPARAN,NO,NO,NO,FRECUENTEMENTE,SI,SI,LAMENTABLE,NUNCA
9/11/2022 19:40:34,Chile,,Malo,SI,POCOS,MIXTO,NO SE REPARAN,NO,NO SE,SI,,SI NO ME LLEVA MUCHO TIEMPO.,NO ME INTERESA EL TEMA,LAMENTABLE,NUNCA
9/11/2022 19:42:19,Paraguay,Caaguazú,Bueno,SI,POCOS,ASFALTO,NO SE REPARAN,NO,NO SE,NO NUNCA,,SI,SI,LAMENTABLE,REGULARMENTE
9/11/2022 19:46:52,Paraguay,Central,Malo,SI,POCOS,PIEDRA,NO SE REPARAN,SI,NO SE,SI,REGULARMENTE,SI,SI,LAMENTABLE,NUNCA
9/11/2022 19:48:08,Paraguay,Central,Lamentable,SI,MUCHOS,PIEDRA,NO SE REPARAN,NO,NO,SI FRECUENTEMENTE,FRECUENTEMENTE,SI,SI,LAMENTABLE,NUNCA
9/11/2022 19:48:24,Paraguay,Distrito Capital,Bueno,SI,POCOS,ASFALTO,MUCHO,NO,NO,SI,REGULARMENTE,SI,SI,BUENA,REGULARMENTE
9/11/2022 19:48:36,Paraguay,Central,Lamentable,SI,MUCHOS,PIEDRA,NO SE REPARAN,SI,SI,SI,FRECUENTEMENTE,SI,,LAMENTABLE,NUNCA
9/11/2022 19:50:45,Argentina,,Lamentable,SI,MUCHOS,ASFALTO,MUCHO,NO,NO SE,NO,REGULARMENTE,SI NO ME LLEVA MUCHO TIEMPO.,SI,LAMENTABLE,REGULARMENTE
9/11/2022 19:52:23,Paraguay,Caaguazú,Malo,SI,MUCHOS,ASFALTO,POCO,NO,NO,SI,REGULARMENTE,NO,SI,LAMENTABLE,NUNCA
9/11/2022 19:53:46,Paraguay,Central,Malo,SI,MUCHOS,MIXTO,NO SE REPARAN,NO,NO SE,NO NUNCA,,SI,SI,LAMENTABLE,NUNCA
9/11/2022 19:53:56,Paraguay,Distrito Capital,Lamentable,SI,MUCHOS,MIXTO,MUCHO,NO,NO,NO NUNCA,REGULARMENTE,SI,SI,LAMENTABLE,REGULARMENTE
9/11/2022 19:56:49,Argentina,,Malo,SI,MUCHOS,ASFALTO,MUCHO,NO,NO,SI,REGULARMENTE,SI NO ME LLEVA MUCHO TIEMPO.,NO SE,LAMENTABLE,REGULARMENTE
9/11/2022 20:12:17,Paraguay,Central,Lamentable,SI,MUCHOS,ASFALTO,MUCHO,NO,NO,NO,FRECUENTEMENTE,SI,SI,LAMENTABLE,REGULARMENTE
9/11/2022 20:13:01,Paraguay,Distrito Capital,Malo,SI,MUCHOS,ASFALTO,NO SE REPARAN,NO,NO,NO,REGULARMENTE,SI,SI,LAMENTABLE,NUNCA
9/11/2022 20:46:50,Paraguay,Caaguazú,Bueno,SI,POCOS,ASFALTO,MUCHO,NO,NO,SI,REGULARMENTE,SI,SI,LAMENTABLE,REGULARMENTE