,marca_temporal,lugar_residencia,lugar_residencia_py,estado_calles,problema_baches,estimacion_cantidad,tipo_camino,tiempo_reparaciones,como_denunciar,acceso_informacion,sufrio_accidentes,frecuencia_mantenimiento,denunciaria_baches,util_conocer,respuesta_gubernamental,regularidad_reparaciones
0,29/10/2022 21:02:13,Venezuela,,Malo,SI,MUCHOS,ASFALTO,MUCHO,NO,NO,SI,REGULARMENTE,SI,SI,LAMENTABLE,NUNCA
1,30/10/2022 9:28:12,Argentina,,Bueno,SI,POCOS,ASFALTO,MUCHO,SI,NO,NO,FRECUENTEMENTE,SI,SI,LAMENTABLE,REGULARMENTE
2,30/10/2022 10:05:24,Mexico,,Lamentable,SI,MUCHOS,ASFALTO,MUCHO,SI,SI,SI,REGULARMENTE,SI NO ME LLEVA MUCHO TIEMPO.,SI,LAMENTABLE,REGULARMENTE
3,30/10/2022 10:12:40,Spain,,Bueno,SI,POCOS,ASFALTO,MUCHO,SI,NO,NO,REGULARMENTE,SI,SI,BUENA,REGULARMENTE
4,30/10/2022 10:21:56,Singapore,Central,EXCELENTE,NO,,ASFALTO,POCO,SI,SI,NO NUNCA,FRECUENTEMENTE,SI,NO,EXCELENTE,REGULARMENTE
5,30/10/2022 10:28:53,Guatemala,,Lamentable,SI,MUCHOS,MIXTO,MUCHO,SI,NO,SI,REGULARMENTE,SI,SI,LAMENTABLE,NUNCA
6,30/10/2022 10:56:46,Spain,,Bueno,NO,POCOS,ASFALTO,POCO,NO,NO SE,NO,,SI NO ME LLEVA MUCHO TIEMPO.,NO SE,,REGULARMENTE
7,30/10/2022 11:17:49,Spain,,,SI,,ASFALTO,MUCHO,NO,NO,NO,REGULARMENTE,SI,SI,LAMENTABLE,NUNCA
8,30/10/2022 11:30:21,Mexico,,Bueno,SI,MUCHOS,MIXTO,NO SE REPARAN,NO,NO SE,SI,FRECUENTEMENTE,SI NO ME LLEVA MUCHO TIEMPO.,SI,LAMENTABLE,NUNCA
9,30/10/2022 11:38:57,Colombia,,Bueno,NO,POCOS,ASFALTO,MUCHO,NO,NO,NO,REGULARMENTE,SI,SI,LAMENTABLE,NUNCA
10,30/10/2022 13:12:48,Mexico,,Malo,SI,MUCHOS,ASFALTO,NO SE REPARAN,NO,NO,SI,REGULARMENTE,SI NO ME LLEVA MUCHO TIEMPO.,SI,LAMENTABLE,NUNCA
11,30/10/2022 13:19:20,Mexico,,Malo,SI,MUCHOS,ASFALTO,MUCHO,SI,NO,NO,FRECUENTEMENTE,SI,SI,LAMENTABLE,REGULARMENTE
12,30/10/2022 13:26:40,Paraguay,Central,Lamentable,SI,NO SE,ASFALTO,NO SE REPARAN,NO,NO SE,NO,REGULARMENTE,SI,SI,LAMENTABLE,NUNCA
13,30/10/2022 13:31:32,Spain,,EXCELENTE,NO,POCOS,ASFALTO,POCO,NO,NO SE,NO NUNCA,,NO,NO,LAMENTABLE,REGULARMENTE
14,30/10/2022 13:56:27,Colombia,,Lamentable,SI,MUCHOS,ASFALTO,MUCHO,SI,NO,SI,REGULARMENTE,SI NO ME LLEVA MUCHO TIEMPO.,SI,LAMENTABLE,REGULARMENTE
15,30/10/2022 14:00:20,Venezuela,,Malo,SI,MUCHOS,ASFALTO,NO SE REPARAN,SI,NO,NO,FRECUENTEMENTE,SI,NO SE,LAMENTABLE,NUNCA
16,30/10/2022 14:12:50,Venezuela,,Lamentable,SI,MUCHOS,ASFALTO,NO SE REPARAN,NO,NO,SI,REGULARMENTE,SI,SI,LAMENTABLE,NUNCA
17,30/10/2022 14:27:51,Mexico,,Malo,SI,POCOS,ASFALTO,MUCHO,NO,NO,SI,REGULARMENTE,SI,SI,LAMENTABLE,NUNCA
18,30/10/2022 14:28:41,Venezuela,,Lamentable,SI,MUCHOS,ASFALTO,NO SE REPARAN,NO,NO,SI,REGULARMENTE,SI,SI,LAMENTABLE,NUNCA
19,30/10/2022 14:35:04,Paraguay,Central,Malo,SI,MUCHOS,ASFALTO,MUCHO,NO,NO,NO NUNCA,REGULARMENTE,SI,SI,LAMENTABLE,REGULARMENTE
20,30/10/2022 14:45:42,Mexico,,Malo,SI,MUCHOS,ASFALTO,MUCHO,NO,NO SE,SI,REGULARMENTE,SI,SI,LAMENTABLE,NUNCA
21,30/10/2022 15:11:12,Bolivia,,Malo,SI,MUCHOS,TIERRA,NO SE REPARAN,NO,NO,SI,FRECUENTEMENTE,SI,SI,LAMENTABLE,NUNCA
22,30/10/2022 16:01:58,Mexico,,Malo,SI,MUCHOS,ASFALTO,MUCHO,SI,NO,SI,REGULARMENTE,SI,SI,LAMENTABLE,REGULARMENTE
23,30/10/2022 16:15:33,Anguilla,Canindeyú,Lamentable,NO SE,NO SE,MIXTO,NO SE REPARAN,NO,NO SE,NO NUNCA,REGULARMENTE,SI NO ME LLEVA MUCHO TIEMPO.,NO ME INTERESA EL TEMA,LAMENTABLE,REGULARMENTE
24,30/10/2022 17:14:33,Argentina,,Malo,SI,MUCHOS,ASFALTO,MUCHO,NO,NO,NO,,SI,SI,LAMENTABLE,NUNCA
25,30/10/2022 19:30:19,Ecuador,,Malo,SI,MUCHOS,ASFALTO,NO SE REPARAN,SI,NO SE,NO,REGULARMENTE,SI,SI,LAMENTABLE,NUNCA
26,30/10/2022 20:50:14,Mexico,,Lamentable,SI,MUCHOS,MIXTO,MUCHO,SI,NO,SI,REGULARMENTE,SI,SI,LAMENTABLE,NUNCA
27,30/10/2022 23:58:40,Paraguay,Central,Lamentable,SI,MUCHOS,ASFALTO,NO SE REPARAN,NO,NO SE,SI,FRECUENTEMENTE,SI,SI,LAMENTABLE,NUNCA
28,31/10/2022 1:41:00,Colombia,,Malo,SI,MUCHOS,ASFALTO,NO SE REPARAN,,NO,NO,FRECUENTEMENTE,SI,SI,LAMENTABLE,NUNCA
29,31/10/2022 10:19:08,Paraguay,Alto Paraná,Bueno,NO,POCOS,MIXTO,NO SE REPARAN,NO,NO SE,NO,REGULARMENTE,SI NO ME LLEVA MUCHO TIEMPO.,SI,LAMENTABLE,NUNCA
30,31/10/2022 10:46:03,Mexico,,Malo,SI,MUCHOS,ASFALTO,NO SE REPARAN,NO,NO,NO,REGULARMENTE,SI NO ME LLEVA MUCHO TIEMPO.,SI,LAMENTABLE,NUNCA
31,31/10/2022 14:56:26,Argentina,,Malo,SI,MUCHOS,TIERRA,NO SE REPARAN,NO,NO,SI,FRECUENTEMENTE,SI,SI,LAMENTABLE,NUNCA
32,31/10/2022 16:25:36,Paraguay,Itapúa,Malo,SI,POCOS,ASFALTO,MUCHO,NO,NO,NO,REGULARMENTE,SI,SI,LAMENTABLE,NUNCA
33,31/10/2022 18:49:40,Mexico,,Malo,SI,MUCHOS,MIXTO,POCO,SI,SI,SI,REGULARMENTE,,SI,LAMENTABLE,REGULARMENTE
34,31/10/2022 20:09:29,Paraguay,Central,Malo,SI,MUCHOS,ASFALTO,MUCHO,NO,NO,NO,REGULARMENTE,SI NO ME LLEVA MUCHO TIEMPO.,NO SE,LAMENTABLE,NUNCA
35,31/10/2022 20:18:55,Venezuela,,Lamentable,SI,MUCHOS,ASFALTO,MUCHO,SI,NO,NO,REGULARMENTE,SI,SI,LAMENTABLE,
36,31/10/2022 20:34:25,Argentina,,EXCELENTE,NO,POCOS,ASFALTO,POCO,SI,SI,NO NUNCA,REGULARMENTE,SI NO ME LLEVA MUCHO TIEMPO.,SI,EXCELENTE,REGULARMENTE
37,31/10/2022 20:50:31,Spain,,Bueno,NO,POCOS,ASFALTO,POCO,SI,NO SE,NO NUNCA,,NO,SI,,REGULARMENTE
38,31/10/2022 21:13:05,Venezuela,,Bueno,SI,MUCHOS,ASFALTO,MUCHO,SI,NO,NO,,SI,SI,BUENA,REGULARMENTE
39,31/10/2022 21:26:17,Paraguay,Central,Malo,SI,MUCHOS,ASFALTO,NO SE REPARAN,NO,NO SE,SI,FRECUENTEMENTE,SI,SI,LAMENTABLE,NUNCA
40,31/10/2022 21:35:40,Chile,,Lamentable,SI,MUCHOS,MIXTO,NO SE REPARAN,NO,NO SE,SI,REGULARMENTE,SI,SI,LAMENTABLE,NUNCA
41,31/10/2022 21:44:20,Spain,,EXCELENTE,NO,POCOS,ASFALTO,POCO,SI,NO SE,NO NUNCA,REGULARMENTE,SI,NO,,REGULARMENTE
42,31/10/2022 22:14:42,Venezuela,Central,Lamentable,SI,MUCHOS,TIERRA,NO SE REPARAN,NO,NO,SI,FRECUENTEMENTE,SI,SI,LAMENTABLE,NUNCA
43,31/10/2022 22:15:34,Colombia,,Malo,SI,MUCHOS,ASFALTO,MUCHO,SI,SI,NO,REGULARMENTE,SI,SI,LAMENTABLE,REGULARMENTE
44,31/10/2022 22:16:29,Ashmore and Cartier Islands,Ñeembucú,Lamentable,NO SE,NO SE,TIERRA,NO SE REPARAN,SI,NO SE,SI FRECUENTEMENTE,FRECUENTEMENTE,NO,NO ME INTERESA EL TEMA,LAMENTABLE,NUNCA
45,31/10/2022 22:19:49,Argentina,,Malo,SI,MUCHOS,ASFALTO,MUCHO,NO,NO,NO,REGULARMENTE,NO,NO,LAMENTABLE,REGULARMENTE
46,31/10/2022 22:21:56,Argentina,Misiones,Bueno,NO SE,POCOS,PIEDRA,NO SE REPARAN,NO,NO,SI,REGULARMENTE,SI,SI,LAMENTABLE,REGULARMENTE
47,31/10/2022 23:28:05,Colombia,,Malo,SI,MUCHOS,ASFALTO,MUCHO,NO,NO,NO NUNCA,,SI,SI,LAMENTABLE,REGULARMENTE
48,31/10/2022 23:32:25,Paraguay,Distrito Capital,Lamentable,SI,MUCHOS,ASFALTO,NO SE REPARAN,NO,NO,NO,FRECUENTEMENTE,SI,SI,LAMENTABLE,NUNCA
49,31/10/2022 23:51:02,Paraguay,Central,Lamentable,SI,MUCHOS,MIXTO,MUCHO,SI,NO,NO,,SI,SI,LAMENTABLE,NUNCA
50,1/11/2022 1:18:19,Mexico,,Lamentable,SI,MUCHOS,MIXTO,MUCHO,SI,NO,SI,REGULARMENTE,SI,SI,LAMENTABLE,REGULARMENTE
51,1/11/2022 3:05:43,Spain,,Bueno,NO,POCOS,ASFALTO,POCO,NO,NO SE,NO,,NO,SI,BUENA,REGULARMENTE
52,1/11/2022 6:46:05,Spain,,Bueno,NO SE,POCOS,ASFALTO,POCO,NO,NO SE,NO NUNCA,REGULARMENTE,NO,SI,,REGULARMENTE
53,1/11/2022 8:24:31,Spain,,,,,,,,,,,,,,
54,1/11/2022 9:13:39,Paraguay,Alto Paraná,Malo,SI,MUCHOS,ASFALTO,NO SE REPARAN,NO,NO SE,NO,REGULARMENTE,SI NO ME LLEVA MUCHO TIEMPO.,SI,LAMENTABLE,NUNCA
55,1/11/2022 9:15:03,Paraguay,Central,Lamentable,SI,MUCHOS,TIERRA,NO SE REPARAN,NO,NO,SI,FRECUENTEMENTE,SI,NO ME INTERESA EL TEMA,LAMENTABLE,NUNCA
56,1/11/2022 9:31:28,Paraguay,Central,Lamentable,SI,MUCHOS,MIXTO,NO SE REPARAN,SI,NO,SI,FRECUENTEMENTE,SI,SI,LAMENTABLE,NUNCA
57,1/11/2022 9:36:15,Italy,,Bueno,SI,MUCHOS,ASFALTO,NO SE REPARAN,SI,NO SE,SI,FRECUENTEMENTE,SI NO ME LLEVA MUCHO TIEMPO.,NO SE,LAMENTABLE,NUNCA
58,1/11/2022 9:37:19,Argentina,,Malo,SI,MUCHOS,ASFALTO,MUCHO,SI,SI,NO,FRECUENTEMENTE,SI,SI,LAMENTABLE,REGULARMENTE
59,1/11/2022 9:40:18,Spain,,Malo,SI,MUCHOS,ASFALTO,MUCHO,SI,NO SE,SI,REGULARMENTE,SI,NO SE,BUENA,REGULARMENTE
60,1/11/2022 10:16:42,Paraguay,Central,Malo,SI,MUCHOS,ASFALTO,MUCHO,NO,SI,NO,REGULARMENTE,SI NO ME LLEVA MUCHO TIEMPO.,SI,LAMENTABLE,REGULARMENTE
61,1/11/2022 10:26:46,Paraguay,Central,Lamentable,SI,MUCHOS,ASFALTO,NO SE REPARAN,SI,NO SE,SI,FRECUENTEMENTE,SI NO ME LLEVA MUCHO TIEMPO.,SI,LAMENTABLE,REGULARMENTE
62,1/11/2022 10:44:52,France,,EXCELENTE,NO,POCOS,ASFALTO,POCO,NO,SI,NO,REGULARMENTE,SI,SI,EXCELENTE,REGULARMENTE
63,1/11/2022 10:56:46,Paraguay,Central,Lamentable,SI,MUCHOS,PIEDRA,NO SE REPARAN,NO,NO,NO,,SI,SI,LAMENTABLE,NUNCA
64,1/11/2022 10:59:56,Argentina,,Bueno,NO,POCOS,ASFALTO,MUCHO,NO,NO,NO,REGULARMENTE,SI,SI,BUENA,REGULARMENTE
65,1/11/2022 11:27:59,Argentina,,Malo,SI,NO SE,ASFALTO,MUCHO,SI,NO SE,NO NUNCA,,SI NO ME LLEVA MUCHO TIEMPO.,SI,LAMENTABLE,REGULARMENTE
66,1/11/2022 11:52:31,Paraguay,Central,Malo,SI,MUCHOS,ASFALTO,MUCHO,SI,NO,NO,FRECUENTEMENTE,SI,SI,LAMENTABLE,REGULARMENTE
67,1/11/2022 11:56:18,Paraguay,Distrito Capital,Lamentable,SI,MUCHOS,ASFALTO,MUCHO,NO,NO,SI,FRECUENTEMENTE,SI NO ME LLEVA MUCHO TIEMPO.,SI,LAMENTABLE,NUNCA
68,1/11/2022 12:05:16,Argentina,,Bueno,SI,MUCHOS,ASFALTO,MUCHO,NO,NO,NO NUNCA,REGULARMENTE,SI,SI,BUENA,REGULARMENTE
69,1/11/2022 13:46:26,Mexico,,Bueno,SI,MUCHOS,ASFALTO,MUCHO,SI,SI,NO,REGULARMENTE,SI NO ME LLEVA MUCHO TIEMPO.,SI,LAMENTABLE,REGULARMENTE
70,1/11/2022 14:36:49,Paraguay,Central,Lamentable,SI,MUCHOS,ASFALTO,MUCHO,NO,NO,NO NUNCA,FRECUENTEMENTE,SI,SI,LAMENTABLE,NUNCA
71,1/11/2022 15:12:52,Paraguay,Ñeembucú,Malo,SI,MUCHOS,MIXTO,MUCHO,NO,NO,SI,FRECUENTEMENTE,SI,SI,LAMENTABLE,NUNCA
72,1/11/2022 15:59:26,Uruguay,,Bueno,NO,POCOS,PIEDRA,MUCHO,SI,SI,NO,,SI NO ME LLEVA MUCHO TIEMPO.,NO ME INTERESA EL TEMA,LAMENTABLE,NUNCA
73,1/11/2022 16:06:27,Paraguay,Central,Lamentable,SI,MUCHOS,PIEDRA,NO SE REPARAN,NO,NO SE,SI,REGULARMENTE,SI NO ME LLEVA MUCHO TIEMPO.,SI,LAMENTABLE,NUNCA
74,1/11/2022 17:01:07,Spain,,Malo,SI,POCOS,ASFALTO,MUCHO,SI,NO SE,NO,,SI NO ME LLEVA MUCHO TIEMPO.,SI,LAMENTABLE,REGULARMENTE
75,1/11/2022 17:11:16,Spain,,Malo,SI,MUCHOS,ASFALTO,NO SE REPARAN,NO,NO SE,NO NUNCA,FRECUENTEMENTE,SI NO ME LLEVA MUCHO TIEMPO.,SI,LAMENTABLE,REGULARMENTE
76,1/11/2022 17:46:23,Spain,,Lamentable,SI,MUCHOS,ASFALTO,MUCHO,SI,SI,NO,REGULARMENTE,SI NO ME LLEVA MUCHO TIEMPO.,SI,LAMENTABLE,REGULARMENTE
77,1/11/2022 18:14:26,Mexico,,Malo,SI,POCOS,ASFALTO,POCO,NO,NO,NO,REGULARMENTE,SI NO ME LLEVA MUCHO TIEMPO.,NO SE,LAMENTABLE,REGULARMENTE
78,1/11/2022 18:56:41,Uruguay,,Bueno,NO,POCOS,ASFALTO,MUCHO,NO,NO SE,NO,REGULARMENTE,NO,NO SE,LAMENTABLE,REGULARMENTE
79,1/11/2022 19:06:49,Argentina,,Lamentable,SI,MUCHOS,ASFALTO,MUCHO,NO,NO,SI,FRECUENTEMENTE,SI,SI,LAMENTABLE,NUNCA
80,1/11/2022 20:14:27,Paraguay,Distrito Capital,Malo,SI,MUCHOS,ASFALTO,MUCHO,SI,NO,NO,,SI,SI,LAMENTABLE,REGULARMENTE
81,1/11/2022 20:44:23,Mexico,,Bueno,SI,POCOS,ASFALTO,MUCHO,SI,NO SE,NO,REGULARMENTE,SI,SI,LAMENTABLE,REGULARMENTE
82,1/11/2022 20:44:53,Mexico,,Lamentable,SI,MUCHOS,ASFALTO,NO SE REPARAN,NO,NO,SI,FRECUENTEMENTE,SI,SI,LAMENTABLE,NUNCA
83,1/11/2022 20:48:54,Mexico,,Lamentable,SI,MUCHOS,PIEDRA,NO SE REPARAN,NO,NO,SI FRECUENTEMENTE,FRECUENTEMENTE,SI,SI,EXCELENTE,NUNCA
84,1/11/2022 20:57:41,Paraguay,Central,Bueno,SI,NO SE,ASFALTO,POCO,NO,NO SE,NO,REGULARMENTE,SI,NO SE,LAMENTABLE,REGULARMENTE
85,1/11/2022 22:03:06,Paraguay,Alto Paraná,Lamentable,SI,MUCHOS,PIEDRA,MUCHO,NO,NO SE,SI,REGULARMENTE,SI,SI,LAMENTABLE,REGULARMENTE
86,1/11/2022 22:18:23,Paraguay,Central,Lamentable,SI,MUCHOS,MIXTO,NO SE REPARAN,NO,NO,SI,REGULARMENTE,SI,SI,LAMENTABLE,NUNCA
87,1/11/2022 23:41:34,Argentina,,Lamentable,SI,MUCHOS,TIERRA,NO SE REPARAN,SI,NO,NO,,SI,SI,LAMENTABLE,NUNCA
88,2/11/2022 0:05:21,Paraguay,Central,Malo,SI,MUCHOS,ASFALTO,MUCHO,NO,NO,NO NUNCA,REGULARMENTE,SI,SI,LAMENTABLE,REGULARMENTE
89,2/11/2022 1:08:38,Paraguay,Central,Malo,SI,MUCHOS,MIXTO,NO SE REPARAN,NO,NO SE,SI,REGULARMENTE,SI,SI,LAMENTABLE,NUNCA
90,2/11/2022 1:20:03,Guatemala,,Malo,SI,MUCHOS,ASFALTO,MUCHO,NO,NO,NO,FRECUENTEMENTE,SI,SI,LAMENTABLE,NUNCA
91,2/11/2022 11:27:38,Mexico,,Lamentable,SI,MUCHOS,ASFALTO,NO SE REPARAN,SI,NO,SI,FRECUENTEMENTE,SI,SI,LAMENTABLE,NUNCA
92,2/11/2022 13:12:16,Paraguay,Central,Malo,SI,MUCHOS,ASFALTO,MUCHO,SI,SI,NO,REGULARMENTE,NO,NO,LAMENTABLE,REGULARMENTE
93,2/11/2022 13:18:59,Paraguay,Central,Lamentable,SI,MUCHOS,PIEDRA,NO SE REPARAN,NO,NO SE,SI,REGULARMENTE,SI NO ME LLEVA MUCHO TIEMPO.,SI,LAMENTABLE,NUNCA
94,2/11/2022 15:03:02,Paraguay,Central,Lamentable,SI,MUCHOS,MIXTO,NO SE REPARAN,NO,NO,SI FRECUENTEMENTE,REGULARMENTE,SI NO ME LLEVA MUCHO TIEMPO.,SI,LAMENTABLE,REGULARMENTE
95,2/11/2022 15:38:02,Paraguay,Central,Malo,SI,MUCHOS,ASFALTO,NO SE REPARAN,NO,NO,NO,FRECUENTEMENTE,SI NO ME LLEVA MUCHO TIEMPO.,SI,LAMENTABLE,NUNCA
96,2/11/2022 16:40:48,Paraguay,Central,Malo,SI,POCOS,ASFALTO,NO SE REPARAN,NO,NO SE,NO,FRECUENTEMENTE,SI,SI,LAMENTABLE,NUNCA
97,2/11/2022 16:49:21,Mexico,,Lamentable,SI,MUCHOS,ASFALTO,MUCHO,SI,SI,SI,REGULARMENTE,SI,SI,LAMENTABLE,REGULARMENTE
98,2/11/2022 17:50:37,Paraguay,Central,Malo,NO SE,MUCHOS,PIEDRA,NO SE REPARAN,NO,NO,NO NUNCA,FRECUENTEMENTE,SI,SI,LAMENTABLE,NUNCA
99,2/11/2022 19:16:05,Paraguay,Central,Bueno,SI,POCOS,ASFALTO,NO SE REPARAN,NO,NO SE,NO,REGULARMENTE,SI NO ME LLEVA MUCHO TIEMPO.,SI,LAMENTABLE,NUNCA
100,2/11/2022 20:14:44,Peru,,Malo,SI,MUCHOS,ASFALTO,POCO,SI,NO SE,NO,REGULARMENTE,SI NO ME LLEVA MUCHO TIEMPO.,NO SE,LAMENTABLE,NUNCA
101,2/11/2022 20:27:06,Paraguay,Central,Bueno,NO,NO SE,ASFALTO,NO SE REPARAN,NO,NO SE,NO NUNCA,,SI NO ME LLEVA MUCHO TIEMPO.,SI,,REGULARMENTE
102,2/11/2022 20:32:56,Paraguay,Alto Paraná,Malo,SI,MUCHOS,MIXTO,MUCHO,NO,NO,NO,,SI,SI,LAMENTABLE,NUNCA
103,2/11/2022 20:47:25,Mexico,,Lamentable,SI,MUCHOS,ASFALTO,NO SE REPARAN,NO,NO,SI,FRECUENTEMENTE,SI,SI,LAMENTABLE,NUNCA
104,2/11/2022 20:58:58,Paraguay,Central,Bueno,NO,POCOS,PIEDRA,NO SE REPARAN,NO,NO,NO,REGULARMENTE,SI,SI,LAMENTABLE,NUNCA
105,2/11/2022 21:03:41,Paraguay,Amambay,Lamentable,SI,MUCHOS,PIEDRA,NO SE REPARAN,NO,NO SE,NO,REGULARMENTE,SI NO ME LLEVA MUCHO TIEMPO.,SI,LAMENTABLE,NUNCA
106,2/11/2022 21:05:47,Peru,,Lamentable,SI,MUCHOS,ASFALTO,MUCHO,NO,NO SE,NO,,SI NO ME LLEVA MUCHO TIEMPO.,SI,,NUNCA
107,2/11/2022 21:16:57,Chile,,Malo,SI,MUCHOS,ASFALTO,MUCHO,NO,NO,NO NUNCA,REGULARMENTE,SI,SI,LAMENTABLE,REGULARMENTE
108,2/11/2022 21:18:36,Argentina,,Malo,NO,NO SE,TIERRA,NO SE REPARAN,NO,NO SE,NO NUNCA,,SI NO ME LLEVA MUCHO TIEMPO.,NO ME INTERESA EL TEMA,LAMENTABLE,NUNCA
109,2/11/2022 21:26:04,Chile,,Bueno,NO,POCOS,ASFALTO,MUCHO,NO,NO,SI,FRECUENTEMENTE,SI,SI,LAMENTABLE,NUNCA
110,2/11/2022 21:29:32,Argentina,,Bueno,SI,MUCHOS,MIXTO,MUCHO,NO,NO SE,NO NUNCA,REGULARMENTE,NO,NO ME INTERESA EL TEMA,BUENA,REGULARMENTE
111,2/11/2022 21:37:57,Spain,,Bueno,NO SE,NO SE,ASFALTO,POCO,NO,NO SE,NO NUNCA,,NO,NO ME INTERESA EL TEMA,BUENA,REGULARMENTE
112,2/11/2022 22:07:04,Peru,,Malo,SI,MUCHOS,ASFALTO,MUCHO,NO,NO SE,SI,REGULARMENTE,SI,SI,LAMENTABLE,NUNCA
113,2/11/2022 22:09:58,Peru,,Malo,SI,MUCHOS,ASFALTO,MUCHO,SI,NO,NO,REGULARMENTE,SI NO ME LLEVA MUCHO TIEMPO.,SI,LAMENTABLE,NUNCA
114,2/11/2022 22:11:08,Paraguay,Central,Bueno,SI,MUCHOS,ASFALTO,MUCHO,NO,SI,NO,FRECUENTEMENTE,SI,SI,LAMENTABLE,REGULARMENTE
115,2/11/2022 22:28:24,Paraguay,Central,Lamentable,SI,MUCHOS,ASFALTO,NO SE REPARAN,SI,NO,SI,FRECUENTEMENTE,SI,SI,LAMENTABLE,NUNCA
116,2/11/2022 22:30:53,Puerto Rico,,Lamentable,SI,MUCHOS,ASFALTO,NO SE REPARAN,NO,NO SE,SI,FRECUENTEMENTE,SI,SI,LAMENTABLE,NUNCA
117,2/11/2022 23:07:40,Paraguay,Central,Malo,SI,MUCHOS,MIXTO,NO SE REPARAN,NO,NO,SI,FRECUENTEMENTE,SI,NO SE,LAMENTABLE,NUNCA
118,2/11/2022 23:29:17,Paraguay,Central,Malo,SI,POCOS,ASFALTO,NO SE REPARAN,NO,NO,NO,REGULARMENTE,SI,SI,LAMENTABLE,NUNCA
119,3/11/2022 0:38:08,Peru,,Lamentable,SI,MUCHOS,ASFALTO,NO SE REPARAN,NO,NO,SI,FRECUENTEMENTE,SI,SI,LAMENTABLE,NUNCA
120,3/11/2022 1:18:36,Spain,,Bueno,NO,POCOS,ASFALTO,POCO,SI,NO,NO NUNCA,REGULARMENTE,SI,SI,BUENA,REGULARMENTE
121,3/11/2022 1:54:46,Mexico,,Lamentable,SI,MUCHOS,ASFALTO,MUCHO,SI,NO,SI,FRECUENTEMENTE,SI,SI,LAMENTABLE,NUNCA
122,3/11/2022 4:11:05,Dominican Republic,,Bueno,SI,MUCHOS,ASFALTO,POCO,SI,SI,SI,FRECUENTEMENTE,SI,SI,BUENA,REGULARMENTE
123,3/11/2022 7:20:15,Paraguay,Central,Malo,SI,MUCHOS,MIXTO,NO SE REPARAN,NO,NO,NO,REGULARMENTE,SI NO ME LLEVA MUCHO TIEMPO.,SI,LAMENTABLE,NUNCA
124,3/11/2022 8:08:13,Paraguay,Central,Lamentable,SI,MUCHOS,PIEDRA,MUCHO,NO,SI,SI,FRECUENTEMENTE,SI,SI,LAMENTABLE,NUNCA
125,3/11/2022 8:17:37,Paraguay,Alto Paraná,Bueno,SI,POCOS,ASFALTO,NO SE REPARAN,SI,NO,NO,REGULARMENTE,SI NO ME LLEVA MUCHO TIEMPO.,SI,LAMENTABLE,NUNCA
126,3/11/2022 8:44:48,Paraguay,Central,Lamentable,SI,MUCHOS,PIEDRA,MUCHO,NO,NO,NO,FRECUENTEMENTE,SI NO ME LLEVA MUCHO TIEMPO.,SI,LAMENTABLE,NUNCA
127,3/11/2022 8:45:53,Paraguay,Central,Malo,NO,POCOS,PIEDRA,NO SE REPARAN,SI,NO,NO,REGULARMENTE,SI NO ME LLEVA MUCHO TIEMPO.,SI,LAMENTABLE,NUNCA
128,3/11/2022 9:06:08,Paraguay,Central,Malo,NO,POCOS,PIEDRA,NO SE REPARAN,NO,NO,NO,FRECUENTEMENTE,SI NO ME LLEVA MUCHO TIEMPO.,SI,LAMENTABLE,NUNCA
129,3/11/2022 9:09:17,Paraguay,Central,Lamentable,SI,MUCHOS,ASFALTO,NO SE REPARAN,NO,SI,SI FRECUENTEMENTE,FRECUENTEMENTE,SI,SI,LAMENTABLE,NUNCA
130,3/11/2022 9:12:09,Paraguay,Alto Paraná,Malo,SI,MUCHOS,ASFALTO,MUCHO,NO,NO SE,NO,REGULARMENTE,SI,SI,LAMENTABLE,NUNCA
131,3/11/2022 9:15:40,Paraguay,Alto Paraná,Malo,SI,MUCHOS,ASFALTO,NO SE REPARAN,NO,NO SE,NO NUNCA,REGULARMENTE,,SI,LAMENTABLE,NUNCA
132,3/11/2022 9:57:20,Paraguay,Central,Malo,SI,MUCHOS,MIXTO,NO SE REPARAN,NO,NO SE,NO,FRECUENTEMENTE,SI NO ME LLEVA MUCHO TIEMPO.,SI,LAMENTABLE,NUNCA
133,3/11/2022 10:14:58,Paraguay,Central,Lamentable,SI,MUCHOS,ASFALTO,NO SE REPARAN,NO,NO,NO,REGULARMENTE,SI NO ME LLEVA MUCHO TIEMPO.,SI,LAMENTABLE,NUNCA
134,3/11/2022 10:42:46,Paraguay,Central,Lamentable,SI,MUCHOS,PIEDRA,MUCHO,NO,NO,NO,FRECUENTEMENTE,SI,SI,LAMENTABLE,NUNCA
135,3/11/2022 10:59:35,Peru,,Malo,SI,MUCHOS,ASFALTO,POCO,NO,NO,NO,REGULARMENTE,SI NO ME LLEVA MUCHO TIEMPO.,SI,LAMENTABLE,NUNCA
136,3/11/2022 11:20:05,Paraguay,Central,Lamentable,SI,MUCHOS,PIEDRA,NO SE REPARAN,SI,SI,NO,FRECUENTEMENTE,SI,SI,LAMENTABLE,NUNCA
137,3/11/2022 11:28:47,Paraguay,Cordillera,Malo,SI,MUCHOS,ASFALTO,NO SE REPARAN,NO,NO,NO,REGULARMENTE,SI NO ME LLEVA MUCHO TIEMPO.,SI,LAMENTABLE,NUNCA
138,3/11/2022 11:29:13,Paraguay,Central,Malo,SI,MUCHOS,PIEDRA,NO SE REPARAN,NO,NO SE,NO,REGULARMENTE,SI NO ME LLEVA MUCHO TIEMPO.,SI,LAMENTABLE,NUNCA
139,3/11/2022 11:49:22,Paraguay,Central,Lamentable,SI,MUCHOS,ASFALTO,MUCHO,NO,NO,NO,REGULARMENTE,SI NO ME LLEVA MUCHO TIEMPO.,SI,BUENA,NUNCA
140,3/11/2022 11:52:08,Paraguay,Distrito Capital,Lamentable,SI,MUCHOS,ASFALTO,NO SE REPARAN,NO,NO,SI,FRECUENTEMENTE,SI NO ME LLEVA MUCHO TIEMPO.,SI,LAMENTABLE,NUNCA
141,3/11/2022 11:56:01,Mexico,,Lamentable,SI,MUCHOS,ASFALTO,MUCHO,SI,NO SE,SI FRECUENTEMENTE,FRECUENTEMENTE,SI,SI,LAMENTABLE,NUNCA
142,3/11/2022 12:00:17,Paraguay,Central,Malo,SI,MUCHOS,MIXTO,MUCHO,NO,NO,NO,REGULARMENTE,SI,SI,LAMENTABLE,NUNCA
143,3/11/2022 12:27:04,Paraguay,Alto Paraná,,SI,MUCHOS,PIEDRA,MUCHO,SI,NO SE,NO NUNCA,REGULARMENTE,SI,SI,BUENA,REGULARMENTE
144,3/11/2022 12:31:47,Argentina,,Malo,SI,MUCHOS,ASFALTO,MUCHO,SI,NO,SI,REGULARMENTE,SI,SI,LAMENTABLE,NUNCA
145,3/11/2022 12:35:17,Mexico,,Malo,SI,MUCHOS,ASFALTO,MUCHO,SI,NO,NO,REGULARMENTE,SI,SI,LAMENTABLE,NUNCA
146,3/11/2022 12:47:48,Dominican Republic,,Bueno,NO,POCOS,ASFALTO,POCO,NO,NO SE,NO NUNCA,,SI,SI,BUENA,REGULARMENTE
147,3/11/2022 12:49:30,Spain,,EXCELENTE,SI,MUCHOS,ASFALTO,POCO,NO,NO,NO,,SI,SI,LAMENTABLE,REGULARMENTE
148,3/11/2022 13:19:42,Paraguay,Central,Lamentable,SI,MUCHOS,ASFALTO,MUCHO,NO,NO SE,NO NUNCA,REGULARMENTE,SI NO ME LLEVA MUCHO TIEMPO.,SI,LAMENTABLE,REGULARMENTE
149,3/11/2022 14:15:03,Paraguay,Cordillera,Malo,SI,MUCHOS,MIXTO,NO SE REPARAN,SI,NO SE,SI,FRECUENTEMENTE,SI,SI,LAMENTABLE,NUNCA
150,3/11/2022 14:35:44,Mexico,,Lamentable,SI,MUCHOS,ASFALTO,MUCHO,NO,SI,SI,REGULARMENTE,SI,SI,LAMENTABLE,REGULARMENTE
151,3/11/2022 14:42:18,Paraguay,Central,Lamentable,SI,MUCHOS,MIXTO,NO SE REPARAN,NO,NO,SI,FRECUENTEMENTE,SI,SI,LAMENTABLE,NUNCA
152,3/11/2022 14:48:51,Paraguay,Central,Lamentable,SI,MUCHOS,ASFALTO,NO SE REPARAN,NO,NO,NO,REGULARMENTE,NO,SI,LAMENTABLE,NUNCA
153,3/11/2022 14:48:59,Argentina,,Malo,SI,MUCHOS,ASFALTO,MUCHO,NO,NO SE,NO,REGULARMENTE,SI NO ME LLEVA MUCHO TIEMPO.,SI,LAMENTABLE,REGULARMENTE
154,3/11/2022 14:50:19,Paraguay,Central,Malo,SI,MUCHOS,MIXTO,NO SE REPARAN,NO,NO SE,SI,FRECUENTEMENTE,SI NO ME LLEVA MUCHO TIEMPO.,SI,LAMENTABLE,NUNCA
155,3/11/2022 14:54:16,Brazil,,Lamentable,SI,MUCHOS,ASFALTO,NO SE REPARAN,NO,NO SE,NO,,SI,SI,LAMENTABLE,NUNCA
156,3/11/2022 14:55:58,Dominican Republic,,Bueno,SI,POCOS,ASFALTO,POCO,NO,NO,NO,REGULARMENTE,SI,SI,BUENA,REGULARMENTE
157,3/11/2022 14:59:07,Paraguay,Central,Lamentable,SI,MUCHOS,ASFALTO,MUCHO,NO,NO,NO,REGULARMENTE,NO,NO ME INTERESA EL TEMA,LAMENTABLE,NUNCA
158,3/11/2022 15:00:55,Paraguay,Central,Bueno,SI,MUCHOS,ASFALTO,MUCHO,NO,NO SE,NO,FRECUENTEMENTE,SI,NO SE,LAMENTABLE,REGULARMENTE
159,3/11/2022 15:23:47,Paraguay,Distrito Capital,Lamentable,SI,MUCHOS,ASFALTO,MUCHO,NO,NO,SI,REGULARMENTE,SI NO ME LLEVA MUCHO TIEMPO.,SI,LAMENTABLE,REGULARMENTE
160,3/11/2022 15:51:30,Mexico,,Malo,SI,MUCHOS,ASFALTO,MUCHO,SI,NO,SI,REGULARMENTE,SI,SI,LAMENTABLE,REGULARMENTE
161,3/11/2022 15:55:02,Mexico,,Malo,SI,MUCHOS,ASFALTO,NO SE REPARAN,SI,SI,SI,REGULARMENTE,SI,SI,LAMENTABLE,NUNCA
162,3/11/2022 16:09:57,Mexico,,Malo,SI,MUCHOS,ASFALTO,MUCHO,SI,SI,NO,REGULARMENTE,NO,SI,BUENA,NUNCA
163,3/11/2022 16:32:35,Mexico,,Lamentable,SI,MUCHOS,ASFALTO,NO SE REPARAN,SI,NO SE,SI FRECUENTEMENTE,FRECUENTEMENTE,SI,SI,LAMENTABLE,REGULARMENTE
164,3/11/2022 16:34:53,Mexico,,Lamentable,SI,MUCHOS,ASFALTO,NO SE REPARAN,NO,SI,SI,FRECUENTEMENTE,SI NO ME LLEVA MUCHO TIEMPO.,SI,,NUNCA
165,3/11/2022 17:07:26,Paraguay,Central,Lamentable,SI,MUCHOS,PIEDRA,NO SE REPARAN,NO,NO SE,NO,REGULARMENTE,SI,SI,LAMENTABLE,REGULARMENTE
166,3/11/2022 17:25:38,Honduras,,Malo,SI,MUCHOS,ASFALTO,MUCHO,NO,NO,NO,FRECUENTEMENTE,SI,SI,BUENA,REGULARMENTE
167,3/11/2022 17:30:25,Paraguay,Central,Lamentable,SI,MUCHOS,ASFALTO,POCO,SI,SI,NO,FRECUENTEMENTE,SI,SI,LAMENTABLE,NUNCA
168,3/11/2022 17:39:49,Argentina,,Malo,SI,NO SE,ASFALTO,MUCHO,NO,NO SE,NO,,SI,SI,LAMENTABLE,REGULARMENTE
169,3/11/2022 17:47:54,Paraguay,Central,Bueno,NO,POCOS,PIEDRA,MUCHO,SI,SI,SI,FRECUENTEMENTE,SI NO ME LLEVA MUCHO TIEMPO.,SI,LAMENTABLE,REGULARMENTE
170,3/11/2022 17:48:19,Mexico,,Malo,SI,POCOS,ASFALTO,MUCHO,NO,NO SE,SI,REGULARMENTE,NO,NO ME INTERESA EL TEMA,LAMENTABLE,REGULARMENTE
171,3/11/2022 18:16:39,Mexico,,Malo,SI,MUCHOS,ASFALTO,MUCHO,NO,NO,SI,REGULARMENTE,SI,SI,LAMENTABLE,REGULARMENTE
172,3/11/2022 19:10:45,Paraguay,Paraguarí,Bueno,SI,MUCHOS,ASFALTO,NO SE REPARAN,SI,NO,NO NUNCA,REGULARMENTE,SI,SI,LAMENTABLE,NUNCA
173,3/11/2022 19:30:27,Argentina,,Lamentable,SI,MUCHOS,MIXTO,NO SE REPARAN,NO,NO,SI,FRECUENTEMENTE,SI,SI,LAMENTABLE,NUNCA
174,3/11/2022 20:26:32,Peru,,Malo,SI,MUCHOS,ASFALTO,NO SE REPARAN,NO,NO,NO,REGULARMENTE,SI,SI,LAMENTABLE,REGULARMENTE
175,3/11/2022 20:41:04,Antarctica,Caaguazú,Malo,SI,MUCHOS,MIXTO,NO SE REPARAN,NO,SI,SI,FRECUENTEMENTE,SI,SI,LAMENTABLE,NUNCA
176,3/11/2022 20:56:34,Bolivia,,Bueno,SI,POCOS,ASFALTO,MUCHO,NO,NO,NO NUNCA,REGULARMENTE,SI NO ME LLEVA MUCHO TIEMPO.,SI,LAMENTABLE,NUNCA
177,3/11/2022 21:50:33,Venezuela,,Malo,SI,MUCHOS,ASFALTO,POCO,SI,SI,NO,REGULARMENTE,SI,SI,BUENA,REGULARMENTE
178,4/11/2022 0:02:20,Paraguay,Paraguarí,Malo,SI,MUCHOS,ASFALTO,NO SE REPARAN,NO,NO,NO,REGULARMENTE,SI NO ME LLEVA MUCHO TIEMPO.,SI,LAMENTABLE,NUNCA
179,4/11/2022 1:37:58,Peru,,Malo,SI,MUCHOS,ASFALTO,MUCHO,NO,NO SE,SI,REGULARMENTE,SI,SI,LAMENTABLE,NUNCA
180,4/11/2022 10:06:04,Paraguay,Central,Malo,SI,MUCHOS,ASFALTO,MUCHO,NO,NO SE,SI,REGULARMENTE,NO,SI,LAMENTABLE,NUNCA
181,4/11/2022 10:21:42,Colombia,,Bueno,SI,POCOS,ASFALTO,MUCHO,NO,NO,NO,FRECUENTEMENTE,SI,NO,LAMENTABLE,REGULARMENTE
182,4/11/2022 10:27:09,Dominican Republic,,Bueno,SI,MUCHOS,ASFALTO,POCO,NO,NO SE,NO,REGULARMENTE,SI,SI,LAMENTABLE,REGULARMENTE
183,4/11/2022 10:33:08,Paraguay,Central,Lamentable,SI,MUCHOS,MIXTO,NO SE REPARAN,NO,NO,SI FRECUENTEMENTE,FRECUENTEMENTE,SI,SI,LAMENTABLE,NUNCA
184,4/11/2022 10:35:05,Dominican Republic,,Malo,SI,MUCHOS,ASFALTO,MUCHO,NO,NO,SI,REGULARMENTE,SI,SI,LAMENTABLE,NUNCA
185,4/11/2022 10:50:07,Paraguay,Distrito Capital,Lamentable,SI,MUCHOS,ASFALTO,NO SE REPARAN,NO,NO,SI,REGULARMENTE,NO,SI,LAMENTABLE,NUNCA
186,4/11/2022 10:53:25,Paraguay,Central,Lamentable,SI,MUCHOS,ASFALTO,POCO,SI,NO,SI,FRECUENTEMENTE,SI,SI,LAMENTABLE,
187,4/11/2022 10:58:19,Paraguay,Distrito Capital,Malo,SI,MUCHOS,ASFALTO,NO SE REPARAN,NO,NO SE,SI,FRECUENTEMENTE,SI,NO SE,LAMENTABLE,NUNCA
188,4/11/2022 11:09:45,Paraguay,Amambay,Bueno,SI,POCOS,ASFALTO,NO SE REPARAN,NO,NO,NO,REGULARMENTE,SI,SI,LAMENTABLE,NUNCA
189,4/11/2022 11:21:41,Bolivia,,Lamentable,SI,MUCHOS,ASFALTO,NO SE REPARAN,NO,NO,NO,REGULARMENTE,SI NO ME LLEVA MUCHO TIEMPO.,SI,LAMENTABLE,NUNCA
190,4/11/2022 12:54:39,Paraguay,Central,Lamentable,SI,MUCHOS,ASFALTO,NO SE REPARAN,NO,NO SE,SI,REGULARMENTE,SI,SI,LAMENTABLE,NUNCA
191,4/11/2022 12:56:08,Paraguay,Central,Lamentable,SI,MUCHOS,ASFALTO,MUCHO,NO,NO SE,NO NUNCA,REGULARMENTE,SI,SI,LAMENTABLE,NUNCA
192,4/11/2022 13:44:30,Paraguay,Central,Lamentable,SI,MUCHOS,MIXTO,NO SE REPARAN,NO,NO,SI,FRECUENTEMENTE,SI,SI,LAMENTABLE,NUNCA
193,4/11/2022 13:58:14,Paraguay,Central,Lamentable,SI,MUCHOS,ASFALTO,NO SE REPARAN,NO,NO,NO,,SI NO ME LLEVA MUCHO TIEMPO.,NO SE,LAMENTABLE,NUNCA
194,4/11/2022 14:14:53,Dominican Republic,,Malo,SI,MUCHOS,ASFALTO,MUCHO,NO,NO SE,NO,,SI,SI,LAMENTABLE,NUNCA
195,4/11/2022 14:17:50,Paraguay,Alto Paraná,Malo,SI,NO SE,ASFALTO,MUCHO,NO,NO SE,NO,REGULARMENTE,SI,SI,LAMENTABLE,NUNCA
196,4/11/2022 14:29:59,Argentina,,Malo,SI,MUCHOS,ASFALTO,MUCHO,SI,NO,NO,REGULARMENTE,SI,SI,LAMENTABLE,NUNCA
197,4/11/2022 14:31:25,Bolivia,,Malo,SI,MUCHOS,ASFALTO,NO SE REPARAN,NO,NO SE,NO,REGULARMENTE,SI NO ME LLEVA MUCHO TIEMPO.,SI,LAMENTABLE,NUNCA
198,4/11/2022 14:33:22,Spain,,Malo,SI,MUCHOS,ASFALTO,MUCHO,NO,NO,NO,FRECUENTEMENTE,SI,SI,LAMENTABLE,NUNCA
199,4/11/2022 15:42:43,Colombia,,Bueno,NO,NO SE,ASFALTO,POCO,NO,NO,NO,,NO,SI,BUENA,REGULARMENTE
200,4/11/2022 15:58:02,Mexico,,Malo,SI,MUCHOS,ASFALTO,MUCHO,NO,NO SE,SI,REGULARMENTE,SI,SI,LAMENTABLE,NUNCA
201,4/11/2022 16:00:22,Mexico,,Malo,SI,MUCHOS,ASFALTO,POCO,NO,NO,SI,FRECUENTEMENTE,SI NO ME LLEVA MUCHO TIEMPO.,SI,LAMENTABLE,REGULARMENTE
202,4/11/2022 16:02:58,Paraguay,Alto Paraguay,Malo,SI,POCOS,MIXTO,MUCHO,NO,NO SE,NO,REGULARMENTE,SI,NO,LAMENTABLE,REGULARMENTE
203,4/11/2022 16:09:37,Paraguay,Central,Lamentable,SI,MUCHOS,ASFALTO,NO SE REPARAN,NO,NO,SI FRECUENTEMENTE,FRECUENTEMENTE,SI,SI,LAMENTABLE,
204,4/11/2022 16:14:00,Paraguay,Central,Malo,SI,MUCHOS,ASFALTO,NO SE REPARAN,NO,NO,SI,REGULARMENTE,SI,SI,LAMENTABLE,NUNCA
205,4/11/2022 16:18:13,Argentina,,Bueno,SI,POCOS,ASFALTO,MUCHO,NO,NO,NO,REGULARMENTE,SI,SI,BUENA,REGULARMENTE
206,4/11/2022 16:30:16,Argentina,,Malo,SI,MUCHOS,ASFALTO,MUCHO,NO,NO SE,SI,,SI NO ME LLEVA MUCHO TIEMPO.,SI,LAMENTABLE,NUNCA
207,4/11/2022 16:31:06,Peru,,Malo,SI,MUCHOS,MIXTO,MUCHO,NO,NO,SI,FRECUENTEMENTE,SI,SI,LAMENTABLE,NUNCA
208,4/11/2022 16:34:50,Panama,,Malo,,NO SE,ASFALTO,NO SE REPARAN,NO,NO SE,SI,FRECUENTEMENTE,SI,SI,LAMENTABLE,NUNCA
209,4/11/2022 16:48:23,Cuba,,Lamentable,SI,MUCHOS,ASFALTO,NO SE REPARAN,NO,NO,SI FRECUENTEMENTE,FRECUENTEMENTE,SI,SI,LAMENTABLE,NUNCA
210,4/11/2022 16:49:45,Paraguay,Central,Malo,SI,POCOS,ASFALTO,NO SE REPARAN,SI,NO,NO,REGULARMENTE,NO,NO ME INTERESA EL TEMA,LAMENTABLE,NUNCA
211,4/11/2022 16:50:23,Spain,,Malo,SI,POCOS,ASFALTO,MUCHO,SI,NO,NO,FRECUENTEMENTE,SI,SI,LAMENTABLE,REGULARMENTE
212,4/11/2022 17:09:22,Dominican Republic,,Bueno,NO,POCOS,ASFALTO,MUCHO,NO,NO SE,NO,REGULARMENTE,NO,NO,LAMENTABLE,NUNCA
213,4/11/2022 18:18:46,Paraguay,Central,Malo,SI,MUCHOS,TIERRA,NO SE REPARAN,NO,NO,NO,REGULARMENTE,SI,SI,LAMENTABLE,NUNCA
214,4/11/2022 18:39:42,Peru,,Malo,SI,MUCHOS,ASFALTO,NO SE REPARAN,NO,NO,NO,,SI,SI,LAMENTABLE,NUNCA
215,4/11/2022 19:03:57,Paraguay,Alto Paraná,Malo,SI,MUCHOS,TIERRA,POCO,SI,NO SE,NO NUNCA,REGULARMENTE,SI NO ME LLEVA MUCHO TIEMPO.,SI,BUENA,REGULARMENTE
216,4/11/2022 20:01:30,Dominican Republic,,Bueno,SI,POCOS,ASFALTO,MUCHO,NO,NO SE,NO,,SI NO ME LLEVA MUCHO TIEMPO.,SI,LAMENTABLE,REGULARMENTE
217,4/11/2022 21:51:27,Paraguay,Central,Lamentable,SI,MUCHOS,MIXTO,NO SE REPARAN,NO,NO,SI,FRECUENTEMENTE,SI,SI,LAMENTABLE,NUNCA
218,4/11/2022 22:07:29,Paraguay,Central,Lamentable,SI,MUCHOS,PIEDRA,NO SE REPARAN,NO,NO,NO,REGULARMENTE,SI NO ME LLEVA MUCHO TIEMPO.,SI,LAMENTABLE,NUNCA
219,4/11/2022 22:16:15,Paraguay,Central,Lamentable,SI,MUCHOS,ASFALTO,MUCHO,NO,NO SE,NO,,SI,SI,LAMENTABLE,REGULARMENTE
220,4/11/2022 23:26:39,El Salvador,,Lamentable,SI,MUCHOS,ASFALTO,NO SE REPARAN,NO,NO,SI FRECUENTEMENTE,FRECUENTEMENTE,NO,SI,LAMENTABLE,NUNCA
221,4/11/2022 23:43:22,Mexico,,Malo,SI,MUCHOS,ASFALTO,MUCHO,NO,SI,SI,,SI,NO SE,LAMENTABLE,REGULARMENTE
222,5/11/2022 2:09:32,Mexico,,Malo,SI,MUCHOS,ASFALTO,NO SE REPARAN,SI,NO,SI,REGULARMENTE,SI,SI,LAMENTABLE,NUNCA
223,5/11/2022 2:33:05,Mexico,,Bueno,NO,POCOS,ASFALTO,POCO,SI,NO,NO NUNCA,REGULARMENTE,SI NO ME LLEVA MUCHO TIEMPO.,NO,BUENA,REGULARMENTE
224,5/11/2022 7:11:09,Paraguay,Central,Lamentable,SI,POCOS,PIEDRA,NO SE REPARAN,NO,NO,NO,FRECUENTEMENTE,SI NO ME LLEVA MUCHO TIEMPO.,SI,LAMENTABLE,NUNCA
225,5/11/2022 9:00:33,Paraguay,Itapúa,Malo,SI,MUCHOS,MIXTO,NO SE REPARAN,NO,NO SE,NO,REGULARMENTE,SI,SI,LAMENTABLE,NUNCA
226,5/11/2022 9:13:02,Paraguay,Central,Bueno,SI,POCOS,ASFALTO,MUCHO,NO,NO,NO,REGULARMENTE,SI,SI,LAMENTABLE,REGULARMENTE
227,5/11/2022 9:27:45,Venezuela,Distrito Capital,Malo,SI,MUCHOS,ASFALTO,NO SE REPARAN,NO,NO SE,NO,REGULARMENTE,SI,SI,LAMENTABLE,NUNCA
228,5/11/2022 9:52:04,Argentina,,Malo,SI,MUCHOS,MIXTO,NO SE REPARAN,NO,NO,NO,REGULARMENTE,SI,SI,LAMENTABLE,NUNCA
229,5/11/2022 9:55:23,Honduras,,Malo,SI,MUCHOS,MIXTO,MUCHO,NO,NO,NO,FRECUENTEMENTE,SI,SI,LAMENTABLE,NUNCA
230,5/11/2022 11:00:10,Paraguay,Itapúa,Malo,SI,MUCHOS,ASFALTO,NO SE REPARAN,SI,SI,SI,FRECUENTEMENTE,SI,SI,LAMENTABLE,NUNCA
231,5/11/2022 11:21:38,Spain,,Bueno,NO,POCOS,MIXTO,POCO,SI,SI,NO,REGULARMENTE,SI,NO SE,BUENA,REGULARMENTE
232,5/11/2022 19:42:20,Paraguay,,Lamentable,SI,MUCHOS,ASFALTO,NO SE REPARAN,SI,NO,SI FRECUENTEMENTE,FRECUENTEMENTE,SI,SI,LAMENTABLE,NUNCA
233,5/11/2022 22:01:39,Mexico,,Lamentable,SI,MUCHOS,ASFALTO,NO SE REPARAN,NO,NO,SI,FRECUENTEMENTE,SI,SI,LAMENTABLE,NUNCA
234,5/11/2022 22:06:14,Argentina,,Malo,SI,MUCHOS,MIXTO,NO SE REPARAN,NO,NO SE,SI,REGULARMENTE,SI,SI,LAMENTABLE,NUNCA
235,5/11/2022 22:19:06,Paraguay,Central,Lamentable,SI,MUCHOS,MIXTO,NO SE REPARAN,NO,NO,NO,FRECUENTEMENTE,SI,SI,LAMENTABLE,NUNCA
236,5/11/2022 22:26:14,Bolivia,,Bueno,SI,POCOS,ASFALTO,MUCHO,NO,NO,NO,FRECUENTEMENTE,SI,SI,LAMENTABLE,NUNCA
237,5/11/2022 22:44:53,Venezuela,,Lamentable,SI,MUCHOS,ASFALTO,NO SE REPARAN,NO,NO,SI,FRECUENTEMENTE,SI,SI,LAMENTABLE,NUNCA
238,5/11/2022 23:06:20,Colombia,,Bueno,SI,POCOS,ASFALTO,MUCHO,NO,NO SE,NO,REGULARMENTE,SI NO ME LLEVA MUCHO TIEMPO.,NO SE,LAMENTABLE,REGULARMENTE
239,6/11/2022 3:21:18,Mexico,,Malo,SI,MUCHOS,ASFALTO,POCO,SI,SI,NO,REGULARMENTE,SI,SI,BUENA,REGULARMENTE
240,6/11/2022 5:23:33,Paraguay,Distrito Capital,Malo,SI,MUCHOS,ASFALTO,NO SE REPARAN,NO,NO SE,NO,REGULARMENTE,SI NO ME LLEVA MUCHO TIEMPO.,SI,LAMENTABLE,NUNCA
241,6/11/2022 5:57:38,Colombia,,Lamentable,SI,MUCHOS,MIXTO,NO SE REPARAN,,NO,SI,,SI,NO SE,LAMENTABLE,NUNCA
242,6/11/2022 10:31:14,Paraguay,Central,Lamentable,SI,MUCHOS,PIEDRA,MUCHO,SI,SI,NO,FRECUENTEMENTE,SI,SI,LAMENTABLE,REGULARMENTE
243,6/11/2022 13:28:15,Bolivia,,Bueno,NO,POCOS,MIXTO,MUCHO,NO,NO,NO NUNCA,REGULARMENTE,SI,SI,,REGULARMENTE
244,6/11/2022 13:36:52,Mexico,,Lamentable,SI,MUCHOS,ASFALTO,NO SE REPARAN,NO,NO,SI,FRECUENTEMENTE,SI,SI,LAMENTABLE,NUNCA
245,6/11/2022 13:42:08,Bolivia,,Malo,SI,MUCHOS,ASFALTO,MUCHO,NO,SI,NO NUNCA,FRECUENTEMENTE,SI,SI,LAMENTABLE,NUNCA
246,6/11/2022 14:06:06,Mexico,,Malo,SI,MUCHOS,ASFALTO,MUCHO,SI,NO,SI,REGULARMENTE,SI,SI,LAMENTABLE,NUNCA
247,6/11/2022 14:16:08,Paraguay,Alto Paraná,Lamentable,SI,MUCHOS,ASFALTO,NO SE REPARAN,NO,NO SE,SI,REGULARMENTE,SI NO ME LLEVA MUCHO TIEMPO.,SI,LAMENTABLE,NUNCA
248,6/11/2022 14:17:18,Paraguay,Central,Malo,SI,MUCHOS,ASFALTO,NO SE REPARAN,NO,NO SE,NO,FRECUENTEMENTE,SI NO ME LLEVA MUCHO TIEMPO.,NO ME INTERESA EL TEMA,LAMENTABLE,NUNCA
249,6/11/2022 14:25:03,Dominican Republic,,Bueno,SI,MUCHOS,ASFALTO,MUCHO,NO,NO SE,NO,REGULARMENTE,NO,SI,LAMENTABLE,NUNCA
250,6/11/2022 15:58:35,Mexico,,Lamentable,SI,MUCHOS,MIXTO,MUCHO,NO,NO,SI,FRECUENTEMENTE,SI,SI,LAMENTABLE,NUNCA
251,7/11/2022 7:38:53,Argentina,,Malo,SI,MUCHOS,ASFALTO,MUCHO,SI,NO,NO NUNCA,REGULARMENTE,NO,NO,BUENA,REGULARMENTE
252,7/11/2022 10:37:15,Mexico,,Lamentable,SI,MUCHOS,ASFALTO,MUCHO,NO,NO,SI,FRECUENTEMENTE,SI,SI,LAMENTABLE,REGULARMENTE
253,7/11/2022 14:52:24,Paraguay,Central,Lamentable,SI,MUCHOS,ASFALTO,NO SE REPARAN,NO,NO SE,NO,FRECUENTEMENTE,SI,SI,LAMENTABLE,NUNCA
254,8/11/2022 10:42:46,Dominican Republic,,Malo,SI,MUCHOS,TIERRA,NO SE REPARAN,NO,NO,SI,FRECUENTEMENTE,SI,SI,LAMENTABLE,NUNCA
255,8/11/2022 13:49:48,Paraguay,Central,Lamentable,SI,MUCHOS,MIXTO,NO SE REPARAN,NO,NO SE,NO,REGULARMENTE,SI NO ME LLEVA MUCHO TIEMPO.,NO SE,LAMENTABLE,NUNCA
256,8/11/2022 21:10:40,Argentina,,Bueno,NO,POCOS,ASFALTO,POCO,NO,NO SE,NO,FRECUENTEMENTE,NO,SI,BUENA,REGULARMENTE
257,8/11/2022 21:13:18,Paraguay,Central,Lamentable,SI,MUCHOS,ASFALTO,MUCHO,NO,SI,SI,FRECUENTEMENTE,SI,SI,LAMENTABLE,NUNCA
258,8/11/2022 21:15:48,Venezuela,,Lamentable,SI,MUCHOS,ASFALTO,MUCHO,NO,NO,NO,REGULARMENTE,SI NO ME LLEVA MUCHO TIEMPO.,SI,LAMENTABLE,REGULARMENTE
259,8/11/2022 21:16:49,Mexico,,Malo,SI,MUCHOS,ASFALTO,NO SE REPARAN,SI,SI,NO,REGULARMENTE,SI,SI,LAMENTABLE,REGULARMENTE
260,8/11/2022 21:22:55,Bolivia,,Malo,SI,MUCHOS,MIXTO,NO SE REPARAN,NO,NO,NO,REGULARMENTE,SI NO ME LLEVA MUCHO TIEMPO.,SI,LAMENTABLE,NUNCA
261,8/11/2022 21:30:40,Panama,Concepción,Bueno,NO,POCOS,ASFALTO,POCO,NO,SI,NO NUNCA,REGULARMENTE,NO,NO,BUENA,NUNCA
262,8/11/2022 21:31:25,Argentina,,Malo,NO,POCOS,MIXTO,MUCHO,NO,NO,NO,REGULARMENTE,SI,NO ME INTERESA EL TEMA,LAMENTABLE,REGULARMENTE
263,8/11/2022 21:33:16,Bolivia,,Bueno,NO,NO SE,ASFALTO,POCO,SI,NO SE,NO,REGULARMENTE,SI,SI,BUENA,NUNCA
264,8/11/2022 21:34:12,Peru,,Bueno,NO,NO SE,ASFALTO,NO SE REPARAN,NO,SI,NO NUNCA,REGULARMENTE,SI NO ME LLEVA MUCHO TIEMPO.,SI,BUENA,NUNCA
265,8/11/2022 21:37:03,Argentina,,Malo,NO,NO SE,ASFALTO,NO SE REPARAN,SI,NO,SI,REGULARMENTE,SI NO ME LLEVA MUCHO TIEMPO.,NO ME INTERESA EL TEMA,LAMENTABLE,NUNCA
266,8/11/2022 21:37:18,Paraguay,Central,Lamentable,SI,MUCHOS,ASFALTO,NO SE REPARAN,NO,NO,SI,FRECUENTEMENTE,SI,SI,LAMENTABLE,NUNCA
267,8/11/2022 21:39:47,Paraguay,Cordillera,Malo,SI,MUCHOS,MIXTO,NO SE REPARAN,NO,NO,NO,REGULARMENTE,SI,SI,LAMENTABLE,NUNCA
268,8/11/2022 21:41:00,Argentina,,Bueno,NO SE,POCOS,ASFALTO,MUCHO,SI,NO SE,NO,FRECUENTEMENTE,NO,SI,BUENA,NUNCA
269,8/11/2022 21:43:43,Dominican Republic,,Bueno,SI,MUCHOS,ASFALTO,MUCHO,NO,NO SE,NO,REGULARMENTE,SI,SI,LAMENTABLE,NUNCA
270,8/11/2022 21:44:50,Paraguay,Central,Malo,SI,MUCHOS,MIXTO,NO SE REPARAN,NO,NO,NO NUNCA,REGULARMENTE,SI NO ME LLEVA MUCHO TIEMPO.,SI,LAMENTABLE,NUNCA
271,8/11/2022 21:46:24,Paraguay,Distrito Capital,Lamentable,SI,MUCHOS,MIXTO,MUCHO,NO,NO SE,SI,FRECUENTEMENTE,SI,SI,LAMENTABLE,NUNCA
272,8/11/2022 21:47:53,Anguilla,,EXCELENTE,NO,NO SE,PIEDRA,NO SE REPARAN,NO,NO SE,NO,REGULARMENTE,NO,NO,EXCELENTE,NUNCA
273,8/11/2022 21:54:29,Paraguay,Alto Paraná,Malo,SI,MUCHOS,PIEDRA,NO SE REPARAN,NO,NO SE,NO NUNCA,FRECUENTEMENTE,SI,SI,LAMENTABLE,NUNCA
274,8/11/2022 22:00:42,Paraguay,Central,Lamentable,SI,MUCHOS,ASFALTO,NO SE REPARAN,NO,SI,NO,,SI,SI,LAMENTABLE,NUNCA
275,8/11/2022 22:01:06,Andorra,Caaguazú,EXCELENTE,NO,NO SE,TIERRA,NO SE REPARAN,SI,SI,SI,FRECUENTEMENTE,SI,NO,EXCELENTE,NUNCA
276,8/11/2022 22:04:37,Argentina,,Bueno,NO,POCOS,ASFALTO,MUCHO,NO,NO SE,NO,,SI,SI,LAMENTABLE,REGULARMENTE
277,8/11/2022 22:06:09,Paraguay,Central,Lamentable,SI,MUCHOS,MIXTO,MUCHO,NO,NO,SI,FRECUENTEMENTE,SI NO ME LLEVA MUCHO TIEMPO.,SI,LAMENTABLE,NUNCA
278,8/11/2022 22:07:44,Mexico,,Lamentable,SI,MUCHOS,ASFALTO,NO SE REPARAN,SI,NO,SI,FRECUENTEMENTE,SI,SI,LAMENTABLE,NUNCA
279,8/11/2022 22:09:21,Paraguay,Distrito Capital,Malo,SI,NO SE,PIEDRA,POCO,NO,NO SE,NO,REGULARMENTE,SI NO ME LLEVA MUCHO TIEMPO.,SI,LAMENTABLE,REGULARMENTE
280,8/11/2022 22:09:28,Paraguay,Distrito Capital,Malo,SI,MUCHOS,ASFALTO,MUCHO,SI,NO,NO,REGULARMENTE,SI NO ME LLEVA MUCHO TIEMPO.,SI,LAMENTABLE,REGULARMENTE
281,8/11/2022 22:12:13,Dominican Republic,,Malo,SI,MUCHOS,ASFALTO,MUCHO,NO,NO SE,NO,REGULARMENTE,NO,SI,BUENA,NUNCA
282,8/11/2022 22:13:15,Peru,,Bueno,SI,MUCHOS,ASFALTO,POCO,NO,NO,NO,,SI NO ME LLEVA MUCHO TIEMPO.,NO ME INTERESA EL TEMA,EXCELENTE,NUNCA
283,8/11/2022 22:13:27,Mexico,,Malo,SI,MUCHOS,ASFALTO,MUCHO,SI,SI,NO,FRECUENTEMENTE,SI,SI,LAMENTABLE,NUNCA
284,8/11/2022 22:17:20,Paraguay,Central,Malo,SI,MUCHOS,ASFALTO,MUCHO,SI,NO,SI,FRECUENTEMENTE,SI,SI,LAMENTABLE,REGULARMENTE
285,8/11/2022 22:30:03,Chile,,Bueno,SI,POCOS,ASFALTO,POCO,SI,NO SE,NO NUNCA,REGULARMENTE,SI NO ME LLEVA MUCHO TIEMPO.,SI,BUENA,REGULARMENTE
286,8/11/2022 22:35:31,Paraguay,Central,Malo,SI,MUCHOS,PIEDRA,NO SE REPARAN,NO,NO,SI FRECUENTEMENTE,FRECUENTEMENTE,SI NO ME LLEVA MUCHO TIEMPO.,SI,LAMENTABLE,NUNCA
287,8/11/2022 22:39:19,Paraguay,Ñeembucú,Lamentable,SI,MUCHOS,MIXTO,MUCHO,NO,NO SE,SI,FRECUENTEMENTE,SI NO ME LLEVA MUCHO TIEMPO.,SI,LAMENTABLE,REGULARMENTE
288,8/11/2022 22:39:20,Paraguay,Central,Malo,SI,POCOS,PIEDRA,NO SE REPARAN,NO,NO SE,NO,REGULARMENTE,SI,SI,LAMENTABLE,NUNCA
289,8/11/2022 22:41:21,Paraguay,Distrito Capital,Lamentable,SI,MUCHOS,PIEDRA,NO SE REPARAN,NO,NO,NO,REGULARMENTE,SI,NO SE,LAMENTABLE,NUNCA
290,8/11/2022 22:42:15,Bolivia,,Malo,SI,MUCHOS,TIERRA,NO SE REPARAN,NO,NO SE,NO,REGULARMENTE,NO,SI,LAMENTABLE,NUNCA
291,8/11/2022 22:44:30,Paraguay,Central,Lamentable,SI,MUCHOS,MIXTO,NO SE REPARAN,NO,NO SE,SI,REGULARMENTE,SI,SI,LAMENTABLE,NUNCA
292,8/11/2022 22:52:32,Mexico,,Malo,SI,MUCHOS,ASFALTO,MUCHO,NO,NO,SI,REGULARMENTE,SI,SI,LAMENTABLE,REGULARMENTE
293,8/11/2022 23:07:35,Paraguay,Central,Lamentable,SI,MUCHOS,ASFALTO,NO SE REPARAN,SI,SI,SI,FRECUENTEMENTE,SI,SI,LAMENTABLE,NUNCA
294,8/11/2022 23:09:32,Paraguay,Central,Lamentable,SI,MUCHOS,ASFALTO,MUCHO,NO,NO SE,NO,FRECUENTEMENTE,SI,SI,LAMENTABLE,REGULARMENTE
295,8/11/2022 23:14:05,Philippines,Alto Paraná,Bueno,NO,NO SE,PIEDRA,NO SE REPARAN,NO,NO,NO,FRECUENTEMENTE,SI,NO SE,LAMENTABLE,NUNCA
296,8/11/2022 23:16:43,Paraguay,Central,Lamentable,SI,MUCHOS,ASFALTO,NO SE REPARAN,SI,NO,SI FRECUENTEMENTE,FRECUENTEMENTE,SI,NO ME INTERESA EL TEMA,LAMENTABLE,NUNCA
297,8/11/2022 23:17:34,Argentina,,Malo,SI,MUCHOS,ASFALTO,NO SE REPARAN,SI,SI,SI,FRECUENTEMENTE,SI,SI,LAMENTABLE,NUNCA
298,8/11/2022 23:21:49,Paraguay,Central,Lamentable,SI,MUCHOS,MIXTO,NO SE REPARAN,NO,NO,NO NUNCA,,SI,SI,LAMENTABLE,NUNCA
299,8/11/2022 23:25:49,Paraguay,Central,Lamentable,SI,MUCHOS,ASFALTO,NO SE REPARAN,SI,NO SE,NO NUNCA,,SI NO ME LLEVA MUCHO TIEMPO.,SI,LAMENTABLE,NUNCA
300,8/11/2022 23:27:59,Paraguay,Caaguazú,EXCELENTE,NO,NO SE,MIXTO,POCO,NO,NO SE,NO NUNCA,REGULARMENTE,SI,SI,LAMENTABLE,REGULARMENTE
301,8/11/2022 23:28:35,Peru,,Bueno,NO,POCOS,ASFALTO,NO SE REPARAN,NO,NO,NO NUNCA,REGULARMENTE,SI,SI,LAMENTABLE,REGULARMENTE
302,8/11/2022 23:29:07,Paraguay,Central,Malo,SI,POCOS,MIXTO,NO SE REPARAN,SI,NO SE,NO,REGULARMENTE,SI NO ME LLEVA MUCHO TIEMPO.,NO SE,LAMENTABLE,NUNCA
303,8/11/2022 23:30:16,Paraguay,Central,Lamentable,SI,MUCHOS,ASFALTO,MUCHO,SI,NO SE,SI FRECUENTEMENTE,FRECUENTEMENTE,SI NO ME LLEVA MUCHO TIEMPO.,SI,LAMENTABLE,NUNCA
304,8/11/2022 23:35:45,Paraguay,Central,Lamentable,SI,MUCHOS,ASFALTO,NO SE REPARAN,NO,NO,NO,FRECUENTEMENTE,SI NO ME LLEVA MUCHO TIEMPO.,SI,LAMENTABLE,NUNCA
305,8/11/2022 23:36:57,Peru,,EXCELENTE,NO,,PIEDRA,POCO,NO,NO,NO,,SI NO ME LLEVA MUCHO TIEMPO.,SI,BUENA,REGULARMENTE
306,8/11/2022 23:58:50,Bolivia,,Malo,SI,MUCHOS,ASFALTO,NO SE REPARAN,NO,NO,SI,REGULARMENTE,SI,SI,LAMENTABLE,NUNCA
307,8/11/2022 23:59:09,Paraguay,Distrito Capital,Lamentable,SI,MUCHOS,ASFALTO,MUCHO,NO,NO,SI,REGULARMENTE,SI,NO,LAMENTABLE,NUNCA
308,9/11/2022 0:05:29,Paraguay,Central,Lamentable,SI,MUCHOS,ASFALTO,NO SE REPARAN,NO,NO,SI FRECUENTEMENTE,FRECUENTEMENTE,SI,SI,LAMENTABLE,NUNCA
309,9/11/2022 0:25:23,Paraguay,Central,Malo,SI,MUCHOS,PIEDRA,MUCHO,NO,NO,NO NUNCA,REGULARMENTE,SI,SI,LAMENTABLE,REGULARMENTE
310,9/11/2022 0:29:17,Dominican Republic,,Bueno,NO,POCOS,ASFALTO,MUCHO,SI,NO SE,SI,REGULARMENTE,SI,SI,BUENA,REGULARMENTE
311,9/11/2022 0:49:29,Paraguay,Central,Malo,SI,MUCHOS,MIXTO,NO SE REPARAN,NO,NO,NO,FRECUENTEMENTE,SI NO ME LLEVA MUCHO TIEMPO.,SI,LAMENTABLE,NUNCA
312,9/11/2022 1:26:08,Paraguay,Central,Lamentable,SI,MUCHOS,ASFALTO,NO SE REPARAN,NO,NO SE,NO NUNCA,FRECUENTEMENTE,SI,SI,LAMENTABLE,NUNCA
313,9/11/2022 2:49:49,Paraguay,Cordillera,Bueno,SI,POCOS,ASFALTO,NO SE REPARAN,NO,NO SE,SI,REGULARMENTE,SI NO ME LLEVA MUCHO TIEMPO.,SI,LAMENTABLE,NUNCA
314,9/11/2022 2:55:40,Peru,,Malo,SI,MUCHOS,ASFALTO,NO SE REPARAN,SI,NO SE,NO,REGULARMENTE,SI NO ME LLEVA MUCHO TIEMPO.,SI,LAMENTABLE,NUNCA
315,9/11/2022 3:38:04,Dominican Republic,,Lamentable,SI,MUCHOS,ASFALTO,NO SE REPARAN,NO,NO SE,SI FRECUENTEMENTE,FRECUENTEMENTE,SI,SI,LAMENTABLE,NUNCA
316,9/11/2022 4:21:33,Paraguay,Central,Lamentable,SI,POCOS,ASFALTO,MUCHO,NO,NO,NO,REGULARMENTE,SI,SI,LAMENTABLE,NUNCA
317,9/11/2022 6:44:45,Paraguay,Central,Malo,SI,MUCHOS,ASFALTO,MUCHO,NO,NO,SI,,SI NO ME LLEVA MUCHO TIEMPO.,NO SE,LAMENTABLE,NUNCA
318,9/11/2022 9:29:15,Paraguay,Central,Lamentable,SI,MUCHOS,ASFALTO,NO SE REPARAN,NO,NO SE,NO,REGULARMENTE,SI,SI,LAMENTABLE,NUNCA
319,9/11/2022 9:40:14,Mexico,,Malo,SI,MUCHOS,PIEDRA,MUCHO,NO,NO,SI,FRECUENTEMENTE,SI,SI,BUENA,REGULARMENTE
320,9/11/2022 9:51:53,Paraguay,Distrito Capital,Bueno,SI,MUCHOS,ASFALTO,MUCHO,NO,NO,NO,REGULARMENTE,SI,SI,LAMENTABLE,NUNCA
321,9/11/2022 13:40:45,Paraguay,Central,Lamentable,SI,MUCHOS,MIXTO,NO SE REPARAN,SI,NO,NO,,SI,SI,LAMENTABLE,NUNCA
322,9/11/2022 13:50:49,Paraguay,Central,Malo,SI,MUCHOS,MIXTO,MUCHO,NO,NO SE,NO,FRECUENTEMENTE,SI,SI,LAMENTABLE,REGULARMENTE
323,9/11/2022 13:52:45,Paraguay,Central,Malo,SI,MUCHOS,MIXTO,MUCHO,NO,NO SE,NO,REGULARMENTE,SI,SI,LAMENTABLE,NUNCA
324,9/11/2022 13:56:10,Paraguay,Central,Malo,SI,NO SE,MIXTO,MUCHO,NO,NO SE,NO NUNCA,,,NO SE,LAMENTABLE,NUNCA
325,9/11/2022 13:56:14,Paraguay,Central,Malo,SI,MUCHOS,ASFALTO,POCO,NO,NO SE,NO NUNCA,FRECUENTEMENTE,SI,SI,LAMENTABLE,REGULARMENTE
326,9/11/2022 13:57:34,Paraguay,Central,Lamentable,SI,MUCHOS,ASFALTO,NO SE REPARAN,NO,NO,NO,FRECUENTEMENTE,SI NO ME LLEVA MUCHO TIEMPO.,SI,LAMENTABLE,NUNCA
327,9/11/2022 13:59:18,Paraguay,Distrito Capital,Malo,SI,MUCHOS,ASFALTO,MUCHO,NO,NO,SI,FRECUENTEMENTE,SI NO ME LLEVA MUCHO TIEMPO.,SI,LAMENTABLE,REGULARMENTE
328,9/11/2022 14:01:29,Paraguay,Central,Lamentable,SI,MUCHOS,ASFALTO,NO SE REPARAN,NO,NO SE,SI FRECUENTEMENTE,REGULARMENTE,SI,SI,LAMENTABLE,NUNCA
329,9/11/2022 14:05:18,Paraguay,Itapúa,Bueno,NO,POCOS,ASFALTO,MUCHO,NO,NO,NO,REGULARMENTE,SI,SI,BUENA,REGULARMENTE
330,9/11/2022 14:09:59,Paraguay,Itapúa,Bueno,SI,MUCHOS,ASFALTO,MUCHO,NO,NO,NO NUNCA,REGULARMENTE,SI,SI,LAMENTABLE,NUNCA
331,9/11/2022 14:15:51,Paraguay,Central,Lamentable,SI,MUCHOS,PIEDRA,MUCHO,NO,NO,SI,FRECUENTEMENTE,SI NO ME LLEVA MUCHO TIEMPO.,SI,BUENA,NUNCA
332,9/11/2022 14:20:23,Paraguay,Central,Lamentable,SI,MUCHOS,MIXTO,NO SE REPARAN,NO,NO,SI,REGULARMENTE,SI,SI,LAMENTABLE,NUNCA
333,9/11/2022 14:20:39,Paraguay,Central,Malo,SI,MUCHOS,PIEDRA,NO SE REPARAN,NO,NO,NO,REGULARMENTE,SI,SI,LAMENTABLE,NUNCA
334,9/11/2022 14:20:49,Paraguay,Central,Bueno,SI,POCOS,ASFALTO,MUCHO,NO,NO SE,NO,REGULARMENTE,SI,SI,BUENA,REGULARMENTE
335,9/11/2022 14:21:04,Paraguay,Central,Lamentable,SI,MUCHOS,ASFALTO,NO SE REPARAN,NO,NO,SI,FRECUENTEMENTE,SI,SI,LAMENTABLE,NUNCA
336,9/11/2022 14:21:38,Dominican Republic,,Malo,NO SE,MUCHOS,ASFALTO,NO SE REPARAN,NO,NO,NO,,SI,SI,LAMENTABLE,NUNCA
337,9/11/2022 14:22:01,Paraguay,Central,Lamentable,SI,MUCHOS,ASFALTO,NO SE REPARAN,NO,NO SE,NO,REGULARMENTE,SI,SI,LAMENTABLE,NUNCA
338,9/11/2022 14:23:08,Paraguay,Central,Malo,SI,MUCHOS,ASFALTO,POCO,NO,NO,NO,REGULARMENTE,SI,NO ME INTERESA EL TEMA,LAMENTABLE,REGULARMENTE
339,9/11/2022 14:23:29,United States,,EXCELENTE,NO,POCOS,ASFALTO,POCO,NO,NO SE,SI,,SI,NO,BUENA,REGULARMENTE
340,9/11/2022 14:24:00,Paraguay,Distrito Capital,Malo,SI,MUCHOS,ASFALTO,MUCHO,NO,NO,SI,FRECUENTEMENTE,SI,SI,LAMENTABLE,NUNCA
341,9/11/2022 14:24:42,Paraguay,Central,Lamentable,SI,MUCHOS,ASFALTO,NO SE REPARAN,NO,NO SE,NO,FRECUENTEMENTE,SI,SI,LAMENTABLE,NUNCA
342,9/11/2022 14:25:14,Paraguay,Central,Bueno,NO SE,NO SE,ASFALTO,,NO,NO SE,NO NUNCA,,SI,,,
343,9/11/2022 14:27:33,Paraguay,Central,Bueno,SI,MUCHOS,ASFALTO,MUCHO,NO,NO SE,SI,FRECUENTEMENTE,SI NO ME LLEVA MUCHO TIEMPO.,SI,LAMENTABLE,REGULARMENTE
344,9/11/2022 14:30:26,Paraguay,Distrito Capital,Malo,SI,POCOS,ASFALTO,MUCHO,NO,NO SE,NO,REGULARMENTE,SI,SI,LAMENTABLE,REGULARMENTE
345,9/11/2022 14:31:31,Paraguay,Distrito Capital,Lamentable,SI,MUCHOS,PIEDRA,NO SE REPARAN,NO,NO,SI,FRECUENTEMENTE,SI NO ME LLEVA MUCHO TIEMPO.,SI,LAMENTABLE,NUNCA
346,9/11/2022 14:42:03,Spain,,EXCELENTE,NO,POCOS,ASFALTO,POCO,SI,NO SE,NO,REGULARMENTE,SI,NO SE,EXCELENTE,REGULARMENTE
347,9/11/2022 14:52:12,Dominican Republic,,Malo,SI,MUCHOS,ASFALTO,MUCHO,NO,NO,NO,REGULARMENTE,SI,SI,LAMENTABLE,REGULARMENTE
348,9/11/2022 14:52:52,Paraguay,Central,Lamentable,SI,MUCHOS,MIXTO,NO SE REPARAN,NO,NO,SI,FRECUENTEMENTE,SI,SI,LAMENTABLE,NUNCA
349,9/11/2022 15:01:30,Paraguay,Central,Lamentable,SI,MUCHOS,MIXTO,NO SE REPARAN,NO,NO,NO,FRECUENTEMENTE,SI,SI,LAMENTABLE,NUNCA
350,9/11/2022 15:12:49,Paraguay,Central,Malo,SI,MUCHOS,ASFALTO,NO SE REPARAN,NO,NO,NO,FRECUENTEMENTE,SI,SI,LAMENTABLE,REGULARMENTE
351,9/11/2022 15:14:44,Paraguay,Central,Malo,SI,MUCHOS,PIEDRA,MUCHO,NO,NO,NO,REGULARMENTE,SI,SI,LAMENTABLE,REGULARMENTE
352,9/11/2022 15:15:19,Paraguay,Caaguazú,Malo,SI,MUCHOS,MIXTO,MUCHO,NO,NO,NO,REGULARMENTE,SI NO ME LLEVA MUCHO TIEMPO.,SI,LAMENTABLE,REGULARMENTE
353,9/11/2022 15:17:46,Paraguay,Central,Malo,SI,MUCHOS,ASFALTO,MUCHO,NO,NO SE,SI FRECUENTEMENTE,REGULARMENTE,SI,SI,LAMENTABLE,NUNCA
354,9/11/2022 15:19:58,Paraguay,Central,Bueno,SI,POCOS,PIEDRA,NO SE REPARAN,SI,NO,SI,FRECUENTEMENTE,SI NO ME LLEVA MUCHO TIEMPO.,SI,BUENA,NUNCA
355,9/11/2022 15:23:30,Dominican Republic,,Malo,SI,MUCHOS,ASFALTO,MUCHO,SI,NO,SI,FRECUENTEMENTE,SI,SI,LAMENTABLE,NUNCA
356,9/11/2022 15:30:08,Mexico,,Malo,SI,MUCHOS,MIXTO,MUCHO,NO,NO,NO,REGULARMENTE,SI,SI,BUENA,REGULARMENTE
357,9/11/2022 15:36:42,Paraguay,Distrito Capital,Malo,SI,MUCHOS,PIEDRA,NO SE REPARAN,SI,SI,SI,REGULARMENTE,SI NO ME LLEVA MUCHO TIEMPO.,SI,LAMENTABLE,NUNCA
358,9/11/2022 15:43:39,Paraguay,Distrito Capital,Lamentable,SI,MUCHOS,MIXTO,NO SE REPARAN,SI,NO,SI,FRECUENTEMENTE,SI,SI,LAMENTABLE,NUNCA
359,9/11/2022 15:45:13,Paraguay,Central,Malo,SI,MUCHOS,ASFALTO,MUCHO,NO,NO,NO,REGULARMENTE,SI,SI,LAMENTABLE,REGULARMENTE
360,9/11/2022 15:53:31,Paraguay,Central,Malo,SI,MUCHOS,PIEDRA,NO SE REPARAN,NO,NO,NO,REGULARMENTE,SI,SI,LAMENTABLE,NUNCA
361,9/11/2022 15:57:04,Paraguay,Central,Lamentable,SI,MUCHOS,ASFALTO,NO SE REPARAN,NO,NO,SI,FRECUENTEMENTE,SI,SI,LAMENTABLE,NUNCA
362,9/11/2022 16:47:47,Paraguay,Central,Lamentable,SI,MUCHOS,PIEDRA,NO SE REPARAN,NO,NO,NO,REGULARMENTE,SI,SI,LAMENTABLE,NUNCA
363,9/11/2022 16:50:34,Paraguay,Central,Bueno,SI,NO SE,PIEDRA,MUCHO,NO,NO SE,NO NUNCA,,SI NO ME LLEVA MUCHO TIEMPO.,NO SE,LAMENTABLE,NUNCA
364,9/11/2022 16:51:09,Paraguay,Central,Malo,SI,MUCHOS,PIEDRA,POCO,NO,NO,NO,,SI,SI,LAMENTABLE,NUNCA
365,9/11/2022 16:58:05,Paraguay,Central,Lamentable,SI,MUCHOS,PIEDRA,NO SE REPARAN,NO,NO,SI,FRECUENTEMENTE,SI NO ME LLEVA MUCHO TIEMPO.,SI,LAMENTABLE,NUNCA
366,9/11/2022 17:00:41,Paraguay,Central,Lamentable,SI,MUCHOS,MIXTO,POCO,NO,NO SE,NO,REGULARMENTE,SI NO ME LLEVA MUCHO TIEMPO.,SI,LAMENTABLE,NUNCA
367,9/11/2022 17:00:48,Paraguay,Central,Malo,NO,POCOS,ASFALTO,NO SE REPARAN,SI,NO,NO,REGULARMENTE,SI,NO SE,LAMENTABLE,REGULARMENTE
368,9/11/2022 17:05:23,Paraguay,Central,Malo,SI,MUCHOS,ASFALTO,NO SE REPARAN,SI,NO SE,NO,FRECUENTEMENTE,SI,SI,LAMENTABLE,NUNCA
369,9/11/2022 17:07:23,Colombia,,Lamentable,SI,MUCHOS,ASFALTO,NO SE REPARAN,NO,NO,SI,FRECUENTEMENTE,SI NO ME LLEVA MUCHO TIEMPO.,SI,LAMENTABLE,NUNCA
370,9/11/2022 17:08:18,Paraguay,Amambay,Malo,SI,MUCHOS,ASFALTO,MUCHO,NO,NO SE,NO,FRECUENTEMENTE,SI NO ME LLEVA MUCHO TIEMPO.,NO ME INTERESA EL TEMA,LAMENTABLE,NUNCA
371,9/11/2022 17:08:28,Paraguay,Central,Lamentable,SI,MUCHOS,ASFALTO,NO SE REPARAN,NO,SI,SI,REGULARMENTE,SI,SI,LAMENTABLE,NUNCA
372,9/11/2022 17:10:27,Papua New Guinea,Central,Lamentable,SI,MUCHOS,ASFALTO,NO SE REPARAN,NO,SI,SI,FRECUENTEMENTE,SI,SI,LAMENTABLE,NUNCA
373,9/11/2022 17:10:52,Paraguay,Central,Malo,SI,MUCHOS,PIEDRA,MUCHO,SI,SI,NO,REGULARMENTE,SI,SI,LAMENTABLE,REGULARMENTE
374,9/11/2022 17:12:20,Paraguay,Central,Lamentable,SI,MUCHOS,ASFALTO,NO SE REPARAN,NO,NO,SI,REGULARMENTE,SI,SI,LAMENTABLE,NUNCA
375,9/11/2022 17:13:29,Paraguay,Central,Lamentable,SI,MUCHOS,MIXTO,POCO,NO,NO,SI,FRECUENTEMENTE,SI,SI,LAMENTABLE,NUNCA
376,9/11/2022 17:14:08,Paraguay,Central,Malo,SI,MUCHOS,ASFALTO,MUCHO,NO,NO,NO,FRECUENTEMENTE,SI,NO,LAMENTABLE,REGULARMENTE
377,9/11/2022 17:14:39,Paraguay,Central,Lamentable,SI,MUCHOS,ASFALTO,NO SE REPARAN,NO,NO SE,NO NUNCA,REGULARMENTE,SI NO ME LLEVA MUCHO TIEMPO.,SI,LAMENTABLE,NUNCA
378,9/11/2022 17:20:38,Paraguay,Distrito Capital,Lamentable,SI,MUCHOS,ASFALTO,NO SE REPARAN,SI,NO,NO,REGULARMENTE,SI,SI,LAMENTABLE,NUNCA
379,9/11/2022 17:21:58,Paraguay,Alto Paraná,Bueno,NO,NO SE,MIXTO,POCO,SI,NO SE,SI,REGULARMENTE,SI,SI,LAMENTABLE,REGULARMENTE
380,9/11/2022 17:23:02,Paraguay,Central,Lamentable,SI,MUCHOS,ASFALTO,NO SE REPARAN,NO,NO SE,SI,FRECUENTEMENTE,SI NO ME LLEVA MUCHO TIEMPO.,NO ME INTERESA EL TEMA,LAMENTABLE,NUNCA
381,9/11/2022 17:24:32,Paraguay,Distrito Capital,Malo,SI,POCOS,ASFALTO,MUCHO,NO,NO SE,NO NUNCA,REGULARMENTE,SI NO ME LLEVA MUCHO TIEMPO.,NO,BUENA,REGULARMENTE
382,9/11/2022 17:24:35,Paraguay,Distrito Capital,Bueno,NO SE,NO SE,ASFALTO,MUCHO,NO,NO SE,NO,REGULARMENTE,SI,SI,LAMENTABLE,REGULARMENTE
383,9/11/2022 17:25:35,Paraguay,Central,Bueno,SI,MUCHOS,PIEDRA,NO SE REPARAN,NO,NO,NO,FRECUENTEMENTE,SI NO ME LLEVA MUCHO TIEMPO.,SI,LAMENTABLE,NUNCA
384,9/11/2022 17:26:54,Paraguay,Central,Lamentable,SI,MUCHOS,ASFALTO,MUCHO,NO,NO SE,SI,FRECUENTEMENTE,SI,SI,LAMENTABLE,NUNCA
385,9/11/2022 17:29:08,Paraguay,Distrito Capital,Malo,SI,MUCHOS,MIXTO,MUCHO,SI,NO,SI,REGULARMENTE,SI,SI,LAMENTABLE,NUNCA
386,9/11/2022 17:30:02,Paraguay,Central,Bueno,SI,POCOS,PIEDRA,NO SE REPARAN,NO,NO SE,NO,FRECUENTEMENTE,SI NO ME LLEVA MUCHO TIEMPO.,SI,LAMENTABLE,NUNCA
387,9/11/2022 17:30:58,Paraguay,Itapúa,Malo,SI,MUCHOS,ASFALTO,MUCHO,NO,NO SE,NO,REGULARMENTE,SI,SI,LAMENTABLE,REGULARMENTE
388,9/11/2022 17:33:35,Paraguay,Central,Lamentable,SI,MUCHOS,MIXTO,NO SE REPARAN,NO,NO,SI,REGULARMENTE,SI,SI,LAMENTABLE,NUNCA
389,9/11/2022 17:33:40,Paraguay,Central,Lamentable,SI,MUCHOS,MIXTO,NO SE REPARAN,SI,NO SE,NO,REGULARMENTE,SI,SI,LAMENTABLE,NUNCA
390,9/11/2022 17:36:17,Venezuela,,Malo,SI,MUCHOS,ASFALTO,NO SE REPARAN,NO,NO SE,NO,REGULARMENTE,SI,SI,LAMENTABLE,NUNCA
391,9/11/2022 17:38:01,Dominican Republic,,Malo,SI,MUCHOS,ASFALTO,MUCHO,NO,NO,SI,FRECUENTEMENTE,SI,SI,LAMENTABLE,NUNCA
392,9/11/2022 17:39:32,Paraguay,Central,Lamentable,SI,MUCHOS,ASFALTO,NO SE REPARAN,NO,NO SE,SI,FRECUENTEMENTE,SI,SI,LAMENTABLE,NUNCA
393,9/11/2022 17:41:24,Paraguay,Central,Lamentable,SI,MUCHOS,MIXTO,NO SE REPARAN,NO,NO,NO,REGULARMENTE,SI NO ME LLEVA MUCHO TIEMPO.,SI,LAMENTABLE,NUNCA
394,9/11/2022 17:43:01,Paraguay,Central,Malo,SI,MUCHOS,ASFALTO,POCO,NO,NO,SI,REGULARMENTE,SI,SI,LAMENTABLE,NUNCA
395,9/11/2022 17:43:43,Spain,,Bueno,NO,POCOS,ASFALTO,MUCHO,SI,SI,NO,REGULARMENTE,SI,SI,BUENA,REGULARMENTE
396,9/11/2022 17:46:31,Paraguay,Itapúa,Bueno,SI,MUCHOS,PIEDRA,POCO,NO,NO,NO,FRECUENTEMENTE,SI,NO SE,LAMENTABLE,NUNCA
397,9/11/2022 17:50:35,Paraguay,Central,Malo,SI,MUCHOS,PIEDRA,NO SE REPARAN,NO,NO,NO,REGULARMENTE,SI,SI,LAMENTABLE,NUNCA
398,9/11/2022 17:52:13,Paraguay,Central,Malo,SI,MUCHOS,MIXTO,NO SE REPARAN,NO,NO SE,NO NUNCA,REGULARMENTE,SI,SI,LAMENTABLE,NUNCA
399,9/11/2022 17:55:48,Paraguay,Caaguazú,Malo,SI,MUCHOS,ASFALTO,NO SE REPARAN,NO,NO,SI FRECUENTEMENTE,REGULARMENTE,SI NO ME LLEVA MUCHO TIEMPO.,SI,LAMENTABLE,NUNCA
400,9/11/2022 17:56:47,Paraguay,Central,Lamentable,SI,MUCHOS,ASFALTO,MUCHO,NO,NO,NO,REGULARMENTE,SI,SI,LAMENTABLE,NUNCA
401,9/11/2022 17:57:31,Paraguay,Central,Lamentable,SI,MUCHOS,PIEDRA,NO SE REPARAN,NO,NO SE,SI FRECUENTEMENTE,FRECUENTEMENTE,SI,SI,LAMENTABLE,NUNCA
402,9/11/2022 18:05:33,Paraguay,Distrito Capital,Bueno,NO,POCOS,ASFALTO,MUCHO,NO,NO,SI,FRECUENTEMENTE,SI,SI,BUENA,REGULARMENTE
403,9/11/2022 18:06:08,Paraguay,Central,Lamentable,SI,MUCHOS,ASFALTO,NO SE REPARAN,NO,NO SE,NO,REGULARMENTE,SI,SI,LAMENTABLE,NUNCA
404,9/11/2022 18:06:10,Paraguay,Alto Paraná,Malo,SI,MUCHOS,MIXTO,NO SE REPARAN,NO,NO SE,SI,REGULARMENTE,SI,NO SE,EXCELENTE,NUNCA
405,9/11/2022 18:07:10,Dominican Republic,,Malo,SI,POCOS,ASFALTO,POCO,NO,NO,NO,REGULARMENTE,SI,SI,LAMENTABLE,NUNCA
406,9/11/2022 18:11:03,Colombia,,Malo,SI,MUCHOS,ASFALTO,MUCHO,SI,SI,NO NUNCA,,SI NO ME LLEVA MUCHO TIEMPO.,NO SE,BUENA,REGULARMENTE
407,9/11/2022 18:12:57,Paraguay,Distrito Capital,Lamentable,SI,MUCHOS,ASFALTO,MUCHO,NO,NO,SI,FRECUENTEMENTE,SI,SI,LAMENTABLE,REGULARMENTE
408,9/11/2022 18:14:09,Paraguay,Alto Paraná,Malo,SI,POCOS,PIEDRA,NO SE REPARAN,NO,NO SE,NO,FRECUENTEMENTE,SI NO ME LLEVA MUCHO TIEMPO.,NO SE,LAMENTABLE,NUNCA
409,9/11/2022 18:21:25,Paraguay,Central,Lamentable,SI,MUCHOS,ASFALTO,MUCHO,NO,NO SE,SI,REGULARMENTE,SI NO ME LLEVA MUCHO TIEMPO.,NO SE,LAMENTABLE,NUNCA
410,9/11/2022 18:24:33,Venezuela,,Malo,SI,POCOS,ASFALTO,NO SE REPARAN,SI,SI,NO,REGULARMENTE,SI,SI,LAMENTABLE,NUNCA
411,9/11/2022 18:27:05,Argentina,,Bueno,NO,POCOS,ASFALTO,MUCHO,NO,NO SE,NO,,SI NO ME LLEVA MUCHO TIEMPO.,SI,BUENA,NUNCA
412,9/11/2022 18:28:12,Colombia,,Bueno,NO,POCOS,ASFALTO,MUCHO,SI,NO SE,NO,REGULARMENTE,SI,SI,BUENA,NUNCA
413,9/11/2022 18:31:29,Paraguay,Distrito Capital,Malo,SI,MUCHOS,ASFALTO,MUCHO,NO,NO SE,NO,REGULARMENTE,SI,SI,LAMENTABLE,REGULARMENTE
414,9/11/2022 18:34:31,Paraguay,Central,Lamentable,SI,MUCHOS,MIXTO,MUCHO,NO,NO SE,NO,FRECUENTEMENTE,SI NO ME LLEVA MUCHO TIEMPO.,SI,LAMENTABLE,NUNCA
415,9/11/2022 18:35:22,Paraguay,Central,Lamentable,SI,MUCHOS,PIEDRA,NO SE REPARAN,NO,NO,NO,,SI,SI,LAMENTABLE,NUNCA
416,9/11/2022 18:39:22,Bolivia,,Malo,SI,MUCHOS,ASFALTO,NO SE REPARAN,NO,NO,SI,REGULARMENTE,SI,SI,LAMENTABLE,NUNCA
417,9/11/2022 18:41:30,Tajikistan,Distrito Capital,Malo,NO SE,POCOS,PIEDRA,POCO,SI,NO SE,SI FRECUENTEMENTE,REGULARMENTE,NO,NO SE,BUENA,NUNCA
418,9/11/2022 18:50:55,Paraguay,Central,Malo,SI,MUCHOS,PIEDRA,MUCHO,NO,NO,NO,FRECUENTEMENTE,NO,SI,LAMENTABLE,NUNCA
419,9/11/2022 19:08:14,Paraguay,Alto Paraná,Malo,SI,MUCHOS,MIXTO,NO SE REPARAN,NO,NO SE,SI,FRECUENTEMENTE,SI,SI,LAMENTABLE,NUNCA
420,9/11/2022 19:11:27,Paraguay,Central,Malo,SI,POCOS,ASFALTO,MUCHO,SI,NO,NO,FRECUENTEMENTE,SI,SI,LAMENTABLE,NUNCA
421,9/11/2022 19:17:45,Argentina,,Malo,SI,MUCHOS,ASFALTO,MUCHO,NO,NO SE,NO,REGULARMENTE,SI NO ME LLEVA MUCHO TIEMPO.,NO SE,LAMENTABLE,REGULARMENTE
422,9/11/2022 19:19:50,Paraguay,Distrito Capital,Lamentable,NO,MUCHOS,TIERRA,POCO,SI,NO,SI FRECUENTEMENTE,REGULARMENTE,NO,NO,EXCELENTE,NUNCA
423,9/11/2022 19:33:07,Paraguay,Presidente Hayes,Lamentable,SI,MUCHOS,MIXTO,NO SE REPARAN,SI,NO SE,NO NUNCA,REGULARMENTE,SI NO ME LLEVA MUCHO TIEMPO.,SI,EXCELENTE,REGULARMENTE
424,9/11/2022 19:38:33,Paraguay,Central,Malo,SI,MUCHOS,ASFALTO,NO SE REPARAN,NO,NO,NO,FRECUENTEMENTE,SI,SI,LAMENTABLE,NUNCA
425,9/11/2022 19:40:34,Chile,,Malo,SI,POCOS,MIXTO,NO SE REPARAN,NO,NO SE,SI,,SI NO ME LLEVA MUCHO TIEMPO.,NO ME INTERESA EL TEMA,LAMENTABLE,NUNCA
426,9/11/2022 19:42:19,Paraguay,Caaguazú,Bueno,SI,POCOS,ASFALTO,NO SE REPARAN,NO,NO SE,NO NUNCA,,SI,SI,LAMENTABLE,REGULARMENTE
427,9/11/2022 19:46:52,Paraguay,Central,Malo,SI,POCOS,PIEDRA,NO SE REPARAN,SI,NO SE,SI,REGULARMENTE,SI,SI,LAMENTABLE,NUNCA
428,9/11/2022 19:48:08,Paraguay,Central,Lamentable,SI,MUCHOS,PIEDRA,NO SE REPARAN,NO,NO,SI FRECUENTEMENTE,FRECUENTEMENTE,SI,SI,LAMENTABLE,NUNCA
429,9/11/2022 19:48:24,Paraguay,Distrito Capital,Bueno,SI,POCOS,ASFALTO,MUCHO,NO,NO,SI,REGULARMENTE,SI,SI,BUENA,REGULARMENTE
430,9/11/2022 19:48:36,Paraguay,Central,Lamentable,SI,MUCHOS,PIEDRA,NO SE REPARAN,SI,SI,SI,FRECUENTEMENTE,SI,,LAMENTABLE,NUNCA
431,9/11/2022 19:50:45,Argentina,,Lamentable,SI,MUCHOS,ASFALTO,MUCHO,NO,NO SE,NO,REGULARMENTE,SI NO ME LLEVA MUCHO TIEMPO.,SI,LAMENTABLE,REGULARMENTE
432,9/11/2022 19:52:23,Paraguay,Caaguazú,Malo,SI,MUCHOS,ASFALTO,POCO,NO,NO,SI,REGULARMENTE,NO,SI,LAMENTABLE,NUNCA
433,9/11/2022 19:53:46,Paraguay,Central,Malo,SI,MUCHOS,MIXTO,NO SE REPARAN,NO,NO SE,NO NUNCA,,SI,SI,LAMENTABLE,NUNCA
434,9/11/2022 19:53:56,Paraguay,Distrito Capital,Lamentable,SI,MUCHOS,MIXTO,MUCHO,NO,NO,NO NUNCA,REGULARMENTE,SI,SI,LAMENTABLE,REGULARMENTE
435,9/11/2022 19:56:49,Argentina,,Malo,SI,MUCHOS,ASFALTO,MUCHO,NO,NO,SI,REGULARMENTE,SI NO ME LLEVA MUCHO TIEMPO.,NO SE,LAMENTABLE,REGULARMENTE
436,9/11/2022 20:12:17,Paraguay,Central,Lamentable,SI,MUCHOS,ASFALTO,MUCHO,NO,NO,NO,FRECUENTEMENTE,SI,SI,LAMENTABLE,REGULARMENTE
437,9/11/2022 20:13:01,Paraguay,Distrito Capital,Malo,SI,MUCHOS,ASFALTO,NO SE REPARAN,NO,NO,NO,REGULARMENTE,SI,SI,LAMENTABLE,NUNCA
438,9/11/2022 20:46:50,Paraguay,Caaguazú,Bueno,SI,POCOS,ASFALTO,MUCHO,NO,NO,SI,REGULARMENTE,SI,SI,LAMENTABLE,REGULARMENTE
